ObjID,a,e,inc,node,argPeri,ma,epochMJD_TDB,FORMAT
A923 PD,3.2120964,0.12220639999999999,9.31555,259.09873,146.13376,168.11301,60400.0,KEP
A923 PJ,2.7873053,0.1536702,10.77129,343.71248,354.89975,213.82395,60400.0,KEP
A923 RV,3.1381986,0.16050609999999998,1.8405,139.44385,316.7178,277.22647,60400.0,KEP
A923 RR,3.4018107,0.09020829999999999,2.97914,153.51832,214.99251,11.30958,60400.0,KEP
A923 RS,3.164149,0.11976179999999999,19.0616,349.12206,60.87175,266.07085,60400.0,KEP
A923 RU,3.1388627,0.3586605,10.92245,294.54323,86.35101,347.86693,60400.0,KEP
A923 TD,2.7086725,0.109077,2.54081,307.05428,76.95955,196.54246,60400.0,KEP
A923 UD,3.0939896,0.0728398,8.93129,20.21185,15.98965,144.6929,60400.0,KEP
A923 UE,2.6292813,0.45293069999999996,15.71705,229.27931,186.58412,206.72208,60400.0,KEP
A923 VH,2.93235,0.10591429999999999,3.90754,98.70192,279.64627,17.53494,60400.0,KEP
A924 AC,2.394433,0.34849759999999996,5.48838,132.45882,353.19301,7.30383,60400.0,KEP
A924 AD,2.4785261,0.1364321,4.02961,73.14962,25.64728,240.34274,60400.0,KEP
A924 BL,2.6839361,0.20886249999999998,11.8989,27.23335,99.37514,273.99402,60400.0,KEP
A924 BM,2.799964,0.20397659999999998,2.26529,251.46269,234.58728,115.32843,60400.0,KEP
A924 CF,3.2051506,0.0890711,9.44713,120.11496,286.99871,249.36309,60400.0,KEP
A924 CG,2.2197904999999998,0.1273978,6.03529,8.81428,53.19286,171.60614,60400.0,KEP
A924 CH,2.6068709,0.07633029999999999,7.92555,118.74943,69.93086,259.06964,60400.0,KEP
A924 ET,2.5415247,0.2450558,7.63121,359.58019,343.26936,67.78758,60400.0,KEP
A924 ES,1.9114389999999999,0.0713227,26.97757,144.36636,122.15938,205.5138,60400.0,KEP
A924 EU,2.7886315,0.042744899999999995,4.06003,180.66714,35.94975,125.37009,60400.0,KEP
A924 EW,2.7390195,0.2842617,15.85719,115.40416,286.70005,129.92629,60400.0,KEP
A924 MB,2.8051435,0.1731063,21.05403,111.94117,124.79043,111.97169,60400.0,KEP
A924 MC,3.1716405,0.09611589999999999,10.06195,193.91389,196.0599,164.30382,60400.0,KEP
A923 XC,2.8699749,0.2213482,16.06838,58.78574,308.17162,259.51087,60400.0,KEP
A923 PG,1.9791275,0.0395302,26.86825,163.35465,348.97666,232.03335,60400.0,KEP
A923 PH,2.2545825,0.18141369999999998,5.39868,104.55267,212.31665,271.4784,60400.0,KEP
A923 VG,3.1539748,0.1277719,1.25228,29.36729,131.60851,219.98662,60400.0,KEP
A923 VF,3.418905,0.10454139999999999,9.39968,62.71098,21.74517,334.47462,60400.0,KEP
A924 HB,2.8885432,0.0276263,2.42463,29.87169,138.69035,173.04843,60400.0,KEP
A924 KD,3.120579,0.1227587,14.775830000000001,187.8001,5.11837,73.65095,60400.0,KEP
A924 LC,3.0462299,0.059953299999999994,17.63835,218.61914,310.38131,1.27052,60400.0,KEP
A924 KE,3.1309236,0.14109629999999998,9.48003,76.2916,188.85601,349.38918,60400.0,KEP
A924 RH,3.0035746,0.119849,10.66113,188.92708,216.87383,4.23604,60400.0,KEP
A924 RK,2.2929732,0.263044,3.96959,304.46594,18.83257,264.53574,60400.0,KEP
A924 SF,3.1514821,0.18934769999999998,18.00437,1.85444,325.0925,338.99898,60400.0,KEP
A924 UB,2.665493,0.5328466,26.68672,215.49723,132.48332,321.69056,60400.0,KEP
A924 UC,2.254716,0.19098289999999998,5.90252,200.64675,169.67059,150.77849,60400.0,KEP
A924 WO,3.9794883,0.2219787,9.18765,57.69852,305.28674,278.14608,60400.0,KEP
A924 WP,2.6797786,0.0610313,4.55331,221.64948,325.92152,101.9768,60400.0,KEP
1925 BD,3.1170934,0.1880056,16.65355,279.95594,157.49982,39.18868,60400.0,KEP
1925 FA,3.0701668,0.1456485,13.93924,59.97532,344.35515,282.47058,60400.0,KEP
1925 HA,3.2368854,0.08736759999999999,20.70988,52.38467,298.90115,264.69189,60400.0,KEP
1925 HB,3.0934901,0.0378432,8.92165,159.16265,158.46922,325.94869,60400.0,KEP
A924 JD,2.5760511,0.1433553,4.249,59.92549,228.10165,359.91971,60400.0,KEP
A924 WN,2.3593606,0.15823189999999998,0.26369000000000004,267.16846,167.351,138.65744,60400.0,KEP
A924 XF,2.984397,0.060113799999999995,7.90887,10.48668,49.54256,112.84434,60400.0,KEP
A924 WM,2.2414084,0.1923424,5.66525,78.183,300.30189,242.20229,60400.0,KEP
A924 WQ,2.7341074,0.1818022,15.83762,52.64937,184.84001,197.86941,60400.0,KEP
1925 RB,3.0940831,0.138427,15.10403,342.8211,40.9871,10.17437,60400.0,KEP
1925 RC,2.6250071999999998,0.1786288,12.49253,342.27559,65.97208,23.37078,60400.0,KEP
1925 SA,3.2140483,0.1011859,23.507460000000002,180.69191,153.85114,40.97401,60400.0,KEP
1925 VD,2.2364002,0.14322749999999998,4.69576,99.54065,297.70202,166.82803,60400.0,KEP
1925 WA,2.6144022,0.09540399999999999,8.34139,17.55212,41.25561,74.25828,60400.0,KEP
1925 WD,2.9220422999999998,0.1344771,10.8721,85.742,296.01031,276.33006,60400.0,KEP
1925 WG,2.1978577,0.20854209999999998,5.27824,147.08811,176.61113,135.0401,60400.0,KEP
A924 CE,2.2296117,0.1782773,5.42734,104.10491,212.36427,216.70732,60400.0,KEP
1925 QB,2.8918863,0.24756789999999998,3.5421300000000002,257.84271,114.93758,343.81387,60400.0,KEP
1925 MA,2.1969122,0.18771269999999998,3.69341,221.70355,94.59038,95.4835,60400.0,KEP
1925 OA,2.6419297,0.1870571,10.09388,200.31243,87.9168,1.93062,60400.0,KEP
1925 PA,2.236975,0.2027319,5.92182,221.0945,84.69951,178.99852,60400.0,KEP
1925 TB,3.1220256,0.2175403,2.49979,90.90058,306.55455,281.88972,60400.0,KEP
1925 TD,3.0037322,0.0712298,5.5960600000000005,341.36653,100.43405,276.02347,60400.0,KEP
1925 XA,2.3149517,0.0392434,5.97427,95.28954,106.45556,196.49024,60400.0,KEP
1926 PA,2.542863,0.1761299,9.50239,280.53492,20.47561,28.92817,60400.0,KEP
1926 PD,2.3612014,0.29656879999999997,8.36095,330.30622,353.67393,330.83554,60400.0,KEP
1926 RA,2.402508,0.2089395,4.81661,344.9824,17.2531,61.29827,60400.0,KEP
1926 RG,2.8700096999999998,0.1936936,10.55153,289.5407,114.93645,349.5855,60400.0,KEP
1926 RK,2.9079875,0.0974193,5.48839,318.59489,265.86414,9.13326,60400.0,KEP
1927 BC,3.1262993,0.10949779999999999,13.56331,142.34897,30.88566,144.99659,60400.0,KEP
1926 RB,3.2312745,0.0800776,16.96337,165.26585,191.36809,304.9819,60400.0,KEP
A924 ER,2.8005594,0.1111455,5.3613,52.47118,29.26425,202.46357,60400.0,KEP
1926 TA,3.1693098,0.23747569999999998,8.02232,36.92302,25.31062,55.7881,60400.0,KEP
A923 RW,3.1856089,0.1870822,1.59796,39.53703,289.81376,303.13936,60400.0,KEP
1925 BE,3.147529,0.1809082,0.7999100000000001,38.09307,22.65776,294.65666,60400.0,KEP
1926 SC,3.015592,0.1091336,11.53075,100.70209,250.98128,248.14676,60400.0,KEP
1926 TE,2.474044,0.14691089999999998,3.32036,143.59046,304.18542,318.5143,60400.0,KEP
1926 TK,2.391709,0.1976614,5.39043,346.1038,13.75407,137.49979,60400.0,KEP
1926 XB,2.2698869,0.1379628,7.36481,93.75536,44.36821,112.89983,60400.0,KEP
1927 AD,2.8737183,0.046165399999999995,1.17037,329.00344,102.34053,23.01929,60400.0,KEP
1927 QB,2.4207821,0.25721269999999996,4.58667,1.95787,57.01207,186.98408,60400.0,KEP
1927 QF,3.0956206,0.1487456,4.18871,30.29422,9.47378,239.2147,60400.0,KEP
1927 UC,3.1234532,0.1792258,1.85471,147.93897,186.51513,200.36803,60400.0,KEP
1928 BC,2.329064,0.1814713,5.13197,80.72704,32.42068,37.39865,60400.0,KEP
1926 CC,2.6891156,0.1318958,3.89684,186.7952,109.26681,299.79071,60400.0,KEP
1927 QH,3.184272,0.041235999999999995,6.63924,139.94966,130.50142,93.49161,60400.0,KEP
1927 QL,3.1690117,0.0525234,8.34567,313.05721,154.87045,301.00564,60400.0,KEP
1927 RD,3.0153616,0.0890987,10.06539,30.13499,26.02661,104.66927,60400.0,KEP
1927 WA,2.2018977,0.1955305,7.65284,54.45582,319.60183,204.95935,60400.0,KEP
1927 WB,2.2137068,0.12728979999999998,3.7271,71.44883,354.35569,80.83276,60400.0,KEP
1928 DG,2.3582171,0.2210846,21.5404,147.94178,338.07998,203.82595,60400.0,KEP
1928 DT,3.4185982,0.0708085,1.15231,80.83316,12.86091,123.72938,60400.0,KEP
A924 AE,2.9010009,0.0842967,5.39106,307.42624,314.5731,321.5814,60400.0,KEP
1925 LA,3.1328536,0.2700093,25.19427,55.58963,251.20376,243.11989,60400.0,KEP
1926 CB,2.5461883,0.13066919999999999,14.02301,149.09372,310.58222,83.19376,60400.0,KEP
1926 GS,3.0295132,0.017007599999999998,10.01008,178.40704,348.41139,265.32695,60400.0,KEP
1928 OB,2.601871,0.19335249999999998,9.46683,81.30855,247.74262,269.33546,60400.0,KEP
1928 PC,2.6428508,0.2936068,1.53392,133.8122,176.67366,104.07515,60400.0,KEP
1928 RJ,2.6895782,0.11624849999999999,13.38889,328.88551,81.5002,189.52743,60400.0,KEP
1928 RQ,3.1758263,0.278995,11.84147,22.19394,348.16534,317.5063,60400.0,KEP
1928 SD,2.8963003,0.0704472,1.03097,303.821,21.72948,169.32391,60400.0,KEP
1928 SJ,3.2285032,0.07827,21.44345,201.81123,105.00482,201.31283,60400.0,KEP
1928 VA,3.0680557999999998,0.11058019999999999,15.82956,216.54711,117.92431,346.23134,60400.0,KEP
1928 VB,1.9337125,0.09447839999999999,17.90093,267.6046,77.77823,226.86305,60400.0,KEP
1928 XA,2.6318658,0.34278939999999997,6.43893,128.63214,277.29938,140.44282,60400.0,KEP
1929 AB,3.0094282,0.1053684,10.95943,116.8461,223.24683,167.61888,60400.0,KEP
1929 CW,2.5998389,0.12392819999999999,13.03883,328.0842,230.97538,228.95789,60400.0,KEP
1929 FB,3.1919026,0.12014259999999999,7.06897,110.56712,349.70413,335.59149,60400.0,KEP
1929 KA,2.4279408,0.2563293,24.90854,234.21433,78.1182,352.84612,60400.0,KEP
1929 CU,3.2290097,0.09807479999999999,4.12169,267.96671,1.34619,109.32658,60400.0,KEP
1928 PD,2.2185578,0.2408367,5.855,241.69862,78.62392,341.9895,60400.0,KEP
1927 CO,2.9928757,0.1033008,3.89106,132.31282,234.71594,67.41795,60400.0,KEP
1928 PE,3.0216077,0.1095232,8.9894,302.73366,86.63374,20.87652,60400.0,KEP
1928 QC,3.1154352,0.1345209,13.25471,324.38826,119.45944,51.96112,60400.0,KEP
1928 WA,3.0954488,0.07182909999999999,10.71972,195.3125,208.11196,208.42629,60400.0,KEP
1928 XC,3.0989489,0.174264,15.28707,71.63226,56.59159,132.61527,60400.0,KEP
1929 GD,2.9276754,0.2241764,16.54894,356.21331,83.3527,100.2819,60400.0,KEP
1927 KA,2.247111,0.1985383,4.34425,147.08789,150.99196,227.73117,60400.0,KEP
1927 QD,3.2118449,0.042926,13.95343,318.68571,337.53434,354.86289,60400.0,KEP
1927 UB,2.6110182,0.1544798,7.8543,57.34916,229.97338,31.18594,60400.0,KEP
1928 RV,2.2160002,0.1552537,4.05098,158.61238,219.88057,330.81223,60400.0,KEP
1928 RZ,2.547866,0.1569054,6.16483,357.86542,49.99983,147.64015,60400.0,KEP
1928 SB,2.6079821,0.2550609,4.73111,63.31527,329.01228,232.57616,60400.0,KEP
1928 ST,2.2252116,0.1563753,6.41876,79.84469,317.57736,259.77668,60400.0,KEP
1928 TB,2.9291896,0.0304322,7.78928,22.22557,270.23125,95.91084,60400.0,KEP
1957 UN1,3.1269616,0.2177028,3.04075,97.15152,10.17648,283.45249,60400.0,KEP
1929 AC,2.2721214,0.1475207,6.5028500000000005,0.9890800000000001,135.98833,262.04017,60400.0,KEP
1929 AJ,2.5928319,0.2658108,14.76943,128.32984,282.76846,327.56948,60400.0,KEP
1929 EB,2.7863355,0.0439163,1.01232,59.43,234.88247,35.928960000000004,60400.0,KEP
1929 PH,3.0200114,0.0845446,8.62219,269.1878,139.93464,295.0769,60400.0,KEP
1929 RC,2.2280822,0.1981279,2.1696,216.09117,113.76776,164.31569,60400.0,KEP
1929 RO,2.2280938,0.28609399999999996,3.22987,100.65569,248.06878,156.19337,60400.0,KEP
1929 RB1,2.6846716,0.2755666,7.22473,29.57401,270.4315,197.72393,60400.0,KEP
1929 RC1,2.1857135,0.1876028,5.37478,58.20206,306.72575,79.0157,60400.0,KEP
1929 SA,2.6770986,0.46942629999999996,15.32112,5.77926,332.91039,185.38229,60400.0,KEP
1929 TA,2.6665444,0.11398549999999999,4.54035,350.60917,3.60991,271.42066,60400.0,KEP
1929 UA,2.566877,0.2541462,8.9785,209.47116,148.84237,26.38732,60400.0,KEP
1929 WB,2.424619,0.0972745,4.31648,78.42177,277.69135,38.82714,60400.0,KEP
1929 WF,3.1454594,0.0770039,13.97194,283.44786,106.52481,349.60507,60400.0,KEP
1929 XE,1.9473903,0.2555965,13.08722,213.29581,206.75225,261.01623,60400.0,KEP
1929 YC,2.773623,0.11009329999999999,14.11695,72.06176,310.44706,216.35205,60400.0,KEP
1930 AA,2.2708757999999998,0.1648866,4.27435,105.4975,276.04408,256.43829,60400.0,KEP
1930 BC,3.1881353,0.07889349999999999,2.10928,139.29829,98.48193,144.44448,60400.0,KEP
1930 BH,5.2323359,0.091224,3.14215,221.23292,238.33135,3.21426,60400.0,KEP
1930 BJ,3.7524823,0.0805396,9.80581,156.11845,216.74696,99.95022,60400.0,KEP
1929 CC,2.4237427,0.1196685,6.208,346.78298,267.19238,335.24526,60400.0,KEP
1929 JF,3.0451816,0.2547875,17.06319,213.83007,63.52713,270.22885,60400.0,KEP
1929 LF,2.270085,0.2325186,3.8833100000000003,265.1134,15.7651,242.50222,60400.0,KEP
1929 NA,3.0162195,0.10813139999999999,10.82983,145.35585,176.13957,8.1804,60400.0,KEP
1929 PF,2.8997409,0.0975241,11.75466,261.38005,116.42204,18.09437,60400.0,KEP
1929 RB,2.1913341,0.2047107,2.39315,206.4928,139.6105,58.15065,60400.0,KEP
1929 RK,2.4051136,0.27624329999999997,6.56802,225.37785,122.47324,126.28642,60400.0,KEP
1930 AD,2.4272847,0.0403412,5.0721,331.71439,219.43223,260.86432,60400.0,KEP
A924 RJ,2.1957311,0.1606629,3.33488,280.43685,28.76192,244.56192,60400.0,KEP
1927 CB,3.3892223,0.0701045,4.53254,82.48016,205.39542,39.45638,60400.0,KEP
1928 BD,2.4626262,0.1659896,6.59566,39.0589,196.22057,241.70054,60400.0,KEP
1928 DA,2.2374034,0.0471322,1.3973,91.13088,354.32036,313.06257,60400.0,KEP
1929 QC,3.1834902,0.14329899999999998,9.55028,336.08977,312.21345,253.90252,60400.0,KEP
1929 QF,2.5633724,0.113217,14.82502,344.57612,57.49036,318.9163,60400.0,KEP
1929 RD,2.3798355,0.058338999999999995,13.03432,347.84082,312.36861,320.53952,60400.0,KEP
1929 RL,2.5613213,0.1182541,14.94398,3.69697,5.64537,22.58035,60400.0,KEP
1929 SF,3.1693112,0.0888292,9.39705,72.53109,310.88384,270.38315,60400.0,KEP
1930 AC,3.9278313,0.10529369999999999,1.8747800000000001,39.661410000000004,206.2782,262.21775,60400.0,KEP
1930 BA,3.219895,0.0418855,9.02186,127.49241,201.2566,283.29676,60400.0,KEP
1930 FB,2.306645,0.1949106,25.16926,156.87659,341.03381,331.4541,60400.0,KEP
1930 HM,3.1296276,0.2104912,12.7973,203.71075,96.64398,290.04527,60400.0,KEP
1930 MA,2.5353663,0.2082789,18.92384,106.6577,189.94024,43.28061,60400.0,KEP
1930 PB,3.4160936,0.0677243,5.74695,223.34605,72.84088,327.44944,60400.0,KEP
1930 QA,2.5519355,0.2173581,12.72761,218.59654,122.98151,340.63309,60400.0,KEP
1930 QH,2.3185386,0.1543862,4.05355,254.97109,177.0588,106.39465,60400.0,KEP
1930 SQ,2.3255332,0.3012029,22.16614,0.85116,59.38627,97.43441,60400.0,KEP
1930 TA,3.1755753,0.19484959999999998,3.08554,121.48865,292.47054,196.7628,60400.0,KEP
1930 UA,5.2333583,0.1066264,16.65484,247.25861,51.86186,59.45953,60400.0,KEP
1930 UB,5.275645,0.1385747,6.92682,283.91229,41.50808,2.00715,60400.0,KEP
1930 UC,3.0233199,0.1099454,10.06288,0.8825500000000001,353.85402,315.27719,60400.0,KEP
1930 UD,3.2120951,0.07086669999999999,16.34895,236.98054,99.34902,115.05468,60400.0,KEP
1930 VE,2.6916870999999998,0.1424827,6.64719,272.10345,155.36785,41.55439,60400.0,KEP
1930 WA,3.3464173,0.0346196,15.01642,251.73279,255.43188,356.77814,60400.0,KEP
1931 EC,2.6781924999999998,0.18593959999999998,6.96612,169.93814,357.54886,73.85447,60400.0,KEP
1931 FD,2.616913,0.1737182,8.71344,6.74306,234.00644,302.94999,60400.0,KEP
1931 GE,3.9818645999999998,0.1553505,7.18886,88.14468,205.29284,174.49844,60400.0,KEP
1927 CQ,2.6656269,0.1933491,5.59158,260.56658,156.48797,176.20249,60400.0,KEP
1927 EA,2.2592086,0.1171769,9.39195,336.29899,63.37268,304.07729,60400.0,KEP
1930 DC,2.3846319,0.129125,2.79821,15.08947,205.43335,166.67808,60400.0,KEP
1926 RE,2.6668142,0.07275129999999999,11.31136,355.69352,310.52967,183.56828,60400.0,KEP
1927 WC,2.2370731,0.1054561,5.69772,71.8561,2.58447,266.98566,60400.0,KEP
1929 PL,3.0208958,0.1009529,10.75067,42.95061,296.6974,340.62791,60400.0,KEP
1929 XC,2.639949,0.2239831,10.69539,327.13006,74.84725,13.94632,60400.0,KEP
1930 SB,2.1904638,0.18020989999999998,4.8167100000000005,5.40026,7.14525,304.37391,60400.0,KEP
1930 SG,2.9333957,0.1115301,9.86332,275.16073,95.79973,214.53215,60400.0,KEP
1930 SL,2.4321775,0.1304758,3.16858,26.35779,41.61416,188.32786,60400.0,KEP
1931 CA,2.8912777,0.0482403,18.46088,134.55678,59.22565,292.89481,60400.0,KEP
1931 FE,2.3643772,0.2593505,23.91213,1.23944,131.48993,227.92174,60400.0,KEP
1931 HB,2.6488791,0.1226708,14.1477,49.4769,185.56667,196.52909,60400.0,KEP
1931 JG,2.9140616,0.0897941,10.84821,290.80147,247.22805,289.84468,60400.0,KEP
1931 KD,2.2586635999999998,0.2001338,7.19128,281.21108,328.36591,127.72939,60400.0,KEP
1931 KE,2.6522973,0.18064829999999998,17.67418,100.69802,262.52899,71.12528,60400.0,KEP
1931 LD,2.8832467,0.23458759999999998,12.97793,255.60749,277.04018,45.9084,60400.0,KEP
1931 RA,2.2503694,0.3354909,2.7257000000000002,259.47723,84.61407,148.58034,60400.0,KEP
1931 RF,3.0190027,0.0325361,8.78027,235.49936,290.57215,56.26186,60400.0,KEP
1931 RH,3.0604359,0.1117683,4.61501,204.60841,52.85026,194.1848,60400.0,KEP
1931 RK,2.6978234,0.038967499999999995,7.00153,203.0569,167.07068,308.80107,60400.0,KEP
1931 RL,3.9959629,0.1676311,3.33357,49.82628,307.85648,281.38153,60400.0,KEP
1931 TA,2.8826112999999998,0.2506449,5.99755,224.50219,177.34844,298.76824,60400.0,KEP
1931 TE,2.2636633,0.2939193,1.87781,7.50294,313.82496,84.77481,60400.0,KEP
1931 TB1,2.5361332,0.2718734,8.84663,22.98038,349.52417,329.0155,60400.0,KEP
1931 UH,2.8699204,0.051878099999999996,12.98355,324.29177,280.83557,162.2656,60400.0,KEP
1931 VT,3.0214166,0.0885436,10.338,19.9799,46.52253,213.79727,60400.0,KEP
1931 YA,5.2525237,0.0928712,33.54454,48.54678,296.07841,9.63874,60400.0,KEP
1927 HA,3.1712226,0.1270159,6.93679,89.73895,176.73176,2.08077,60400.0,KEP
1931 LB,3.0092244,0.062115,11.26299,106.55683,165.756,259.28557,60400.0,KEP
1931 XA,2.9298891,0.1591311,12.76437,129.72103,211.37517,220.60093,60400.0,KEP
1931 XC,3.9477801,0.1897092,7.59305,149.56152,347.95654,224.69791,60400.0,KEP
1931 XD,3.1362544,0.12865269999999998,13.10992,271.2482,110.72864,267.15038,60400.0,KEP
1932 AA,2.7102336,0.11679669999999999,9.84066,285.81604,33.00986,16.59993,60400.0,KEP
1932 BA,2.579363,0.1315906,15.90787,123.70014,265.56149,176.66973,60400.0,KEP
1932 BL,2.2336574,0.1787403,7.60066,121.54552,144.83231,123.35169,60400.0,KEP
1932 EC,2.3535182,0.1534742,5.15384,148.38249,91.40678,131.92712,60400.0,KEP
1932 BJ,2.2630741,0.1082205,3.15767,63.76055,69.43388,31.47115,60400.0,KEP
1932 CJ,2.212731,0.12445619999999999,4.4114700000000004,42.50499,23.64994,69.79705,60400.0,KEP
1932 CU,3.0034447,0.0747297,11.36377,113.30248,331.74538,300.42319,60400.0,KEP
1932 EA1,1.9197249,0.4352064,11.87591,171.30753,26.67577,197.64174,60400.0,KEP
1932 LA,2.7933333,0.2498203,19.58891,245.73812,59.75578,220.11709,60400.0,KEP
1931 TG,2.8687527999999998,0.061397,2.54436,40.79841,14.71832,322.07249,60400.0,KEP
1927 SD,2.3045938,0.1986799,7.88678,258.01828,129.41038,195.39613,60400.0,KEP
1930 HK,2.2334688,0.0740845,3.07402,12.32785,101.37825,138.38391,60400.0,KEP
1930 HL,2.5854632,0.1100652,9.83473,17.44969,138.90935,268.18004,60400.0,KEP
1931 TD,3.2214291,0.1931852,16.47921,0.6358600000000001,303.66711,72.49245,60400.0,KEP
1931 TU,2.7703583,0.0402724,3.27822,307.82485,207.0832,241.11901,60400.0,KEP
1931 TP1,3.2221071,0.16665829999999998,1.04063,197.34584,166.9702,331.94281,60400.0,KEP
1931 TX1,2.5725492,0.179252,10.52036,200.50501,184.81736,142.69925,60400.0,KEP
1931 TE2,2.6697298,0.08641879999999999,11.45676,341.86227,247.83692,215.80077,60400.0,KEP
1931 TF2,3.174465,0.14144869999999998,10.37594,260.69647,340.63149,232.02647,60400.0,KEP
1931 TG2,2.5558652,0.0562031,5.60052,291.37865,333.35895,337.91301,60400.0,KEP
1931 UF,3.0144375,0.0871067,8.52727,304.31673,90.63386,237.2376,60400.0,KEP
1931 UJ,1.9103181,0.15479679999999998,25.00061,12.915140000000001,43.80619,345.75429,60400.0,KEP
1931 VX,2.4302187,0.2418213,13.17887,48.57237,306.09397,172.62347,60400.0,KEP
1931 XB,2.6121554,0.0770054,9.73588,57.8316,307.51199,7.76577,60400.0,KEP
1932 CA,2.6660292,0.1414367,12.15528,51.62644,93.86282,47.26817,60400.0,KEP
1932 CB,2.6628477999999998,0.23021629999999998,1.65738,72.97076,36.73464,94.78949,60400.0,KEP
1932 CD,2.8649904,0.1758643,10.16409,323.66546,23.57496,129.47303,60400.0,KEP
1932 EB1,3.1901174,0.10001439999999999,23.51291,322.15731,320.58855,344.98815,60400.0,KEP
1932 HL,2.7345942,0.1908308,10.14306,349.71595,54.2182,300.76059,60400.0,KEP
1932 JE,3.0971962,0.0455201,13.26459,245.52567,51.67272,244.62403,60400.0,KEP
1932 KE,2.3439325,0.0969157,8.70308,276.95311,261.58785,274.56257,60400.0,KEP
1932 KF,2.8912875,0.0818863,2.89583,151.69892,206.06276,140.19241,60400.0,KEP
1932 OA,2.6198872,0.31042379999999997,15.9959,290.50033,54.81167,187.5138,60400.0,KEP
1932 QA,3.128629,0.1758834,1.7817100000000001,161.68801,138.47765,198.50093,60400.0,KEP
1932 RO,2.7207778,0.0139349,9.14073,79.21729,339.21576,74.74072,60400.0,KEP
1932 VB,2.2244532,0.07626379999999999,4.87247,258.89054,224.2684,142.29296,60400.0,KEP
1933 BD,2.5479276,0.2760457,15.17217,291.92806,217.58953,110.02585,60400.0,KEP
1933 BE,2.7183146,0.1560672,6.05122,140.60532,217.10138,224.48055,60400.0,KEP
1933 DG,2.6959641,0.2060013,33.82132,140.87226,63.55612,178.19362,60400.0,KEP
1931 TV1,3.1712901,0.20445349999999998,1.34106,39.7999,355.19397,137.719,60400.0,KEP
1932 JA,3.1438266,0.0265258,7.07169,287.61537,241.58461,247.59176,60400.0,KEP
1932 NC,3.1422481,0.1742665,8.55886,237.51024,132.60367,82.1404,60400.0,KEP
1932 PD,3.8916584,0.07929309999999999,4.17612,236.87073,102.33527,311.7934,60400.0,KEP
1932 PE,2.488639,0.0828814,3.92814,213.88516,20.52612,215.93308,60400.0,KEP
1932 PG,3.1852444,0.0454392,7.70119,299.55213,77.64295,1.2323600000000001,60400.0,KEP
1933 BT,3.1110665,0.1247032,2.38078,74.96583,151.39684,165.42531,60400.0,KEP
1933 BW,2.6130747,0.0371677,8.01658,304.50803,20.62791,8.55275,60400.0,KEP
1933 FB,3.1372381,0.17838,2.42682,67.27609,103.92299,123.8698,60400.0,KEP
1933 FE,3.0008671,0.0038531999999999998,13.1325,124.2558,169.54096,58.6071,60400.0,KEP
1933 FF,2.6661314,0.18706409999999998,29.25254,158.44614,286.88938,37.91579,60400.0,KEP
1933 HG,2.8628717,0.15693459999999998,24.97507,234.94815,31.32426,240.35439,60400.0,KEP
A911 UR,3.0259846,0.0693898,9.50424,314.21144,112.42991,96.52512,60400.0,KEP
1927 BD,3.3622024,0.050474599999999994,17.16779,320.52964,302.00802,123.39644,60400.0,KEP
1930 HD,2.4687643,0.1786008,4.78079,24.33558,268.1051,26.54619,60400.0,KEP
1930 HJ,3.98373,0.1037148,4.42376,350.97955,118.75227,96.44793,60400.0,KEP
1930 SH,3.9062451,0.0968023,2.7578300000000002,134.69533,18.96535,223.81131,60400.0,KEP
1930 YE,2.2349705,0.20837889999999998,5.98697,97.763,259.0643,51.32154,60400.0,KEP
1931 TN,3.1411074,0.12111659999999999,6.68226,126.81469,272.2944,222.77178,60400.0,KEP
1931 TZ1,2.7839837,0.1501429,8.41507,321.38719,4.23409,3.79418,60400.0,KEP
1932 PF,2.394361,0.1612331,5.40062,296.46174,48.89634,257.96751,60400.0,KEP
1932 WC,2.2292247,0.1140858,4.39436,327.04429,244.92655,23.56361,60400.0,KEP
1932 WG,2.679512,0.1677159,12.8574,188.42199,198.11943,321.58776,60400.0,KEP
1933 BA,3.1774753,0.0911511,23.28171,114.31422,338.5069,78.14132,60400.0,KEP
1933 HA,2.6997305,0.2390988,6.9815700000000005,246.94186,47.33643,127.95087,60400.0,KEP
1933 LA,2.4050618,0.2634286,10.8582,90.24244,238.67865,80.96976,60400.0,KEP
1933 LB,2.3695654,0.2112146,5.72327,335.40199,297.48984,311.64729,60400.0,KEP
1933 QB,3.4137561,0.0431624,6.42601,292.5372,90.57145,84.85426,60400.0,KEP
1933 QJ,2.5582036,0.2077094,7.4447,210.06598,73.01181,90.87874,60400.0,KEP
1933 QM1,3.1188557,0.12006839999999999,18.02618,324.23617,77.96789,94.67862,60400.0,KEP
1925 SC,3.181737,0.2221273,8.90551,157.67505,234.29841,42.553490000000004,60400.0,KEP
1933 OP,2.643787,0.17261089999999998,10.88817,302.69067,115.43385,313.53529,60400.0,KEP
1933 QF,2.9924538,0.048826299999999996,5.68978,317.81492,69.1685,138.2623,60400.0,KEP
1933 QH,3.024741,0.09334669999999999,9.74802,200.3907,107.95507,118.88687,60400.0,KEP
1933 QL,3.0112044,0.0569584,9.84955,202.3179,269.41506,5.03903,60400.0,KEP
1933 QM,2.884032,0.0644986,7.56205,298.8704,52.45037,166.4495,60400.0,KEP
1933 QR,2.8610466,0.0614872,1.61695,193.0324,115.43929,285.50544,60400.0,KEP
1933 QL1,2.3664071,0.1533076,5.58658,307.32139,79.10201,285.44883,60400.0,KEP
1933 RA,3.010174,0.0973135,9.12304,215.27893,117.10614,123.23545,60400.0,KEP
1933 SH,2.5415941,0.056637799999999995,2.15227,270.85886,244.39559,329.36051,60400.0,KEP
1933 SO,2.2272097,0.2754664,5.36511,236.34127,99.81061,95.92675,60400.0,KEP
1933 UB1,2.6890641,0.2317174,8.71643,81.06655,313.13289,193.18834,60400.0,KEP
1933 WD,3.3903399,0.1246828,2.88604,185.03009,274.88512,151.53625,60400.0,KEP
1933 WE,2.4178254,0.14306649999999999,4.11152,226.94559,236.24647,344.07414,60400.0,KEP
1934 AD,3.0219632,0.0671008,8.99455,295.82875,125.83341,118.67306,60400.0,KEP
1934 AE,3.1312323,0.1444305,5.4955,299.7341,59.07223,218.32994,60400.0,KEP
1934 BA,2.804335,0.1854732,7.88502,165.48397,260.41157,112.78422,60400.0,KEP
1934 CL,2.7814874,0.0072117,9.55119,82.89485,352.41159,217.03922,60400.0,KEP
1934 EA,2.7650763,0.2710304,34.0432,161.4924,302.03327,250.90755,60400.0,KEP
A924 SE,3.1155117,0.17550639999999998,2.59591,90.111,353.68373,323.70359,60400.0,KEP
1928 FP,3.2415635,0.0985998,19.52234,71.81682,100.94864,245.01556,60400.0,KEP
1928 KC,3.191521,0.12242349999999999,18.97588,86.35447,147.75637,261.74428,60400.0,KEP
1928 OC,3.0172362,0.0703318,2.31665,62.94916,148.18055,180.24298,60400.0,KEP
1930 OB,3.1443357,0.09677219999999999,14.98631,274.03677,141.87597,203.8705,60400.0,KEP
1930 UF,2.2506305,0.09626549999999999,3.9498,233.74429,207.72077,196.03051,60400.0,KEP
1931 EB,2.9099957,0.0081653,5.55898,353.97758,181.68395,272.12779,60400.0,KEP
1931 TO,3.2131243,0.1472823,10.28059,205.998,243.22041,345.85676,60400.0,KEP
1932 DB,2.3911276,0.35749349999999996,21.0578,357.17648,88.77905,356.46082,60400.0,KEP
1933 FF1,2.4270703,0.043087099999999996,2.83305,244.95152,244.23745,72.09349,60400.0,KEP
1933 OT,3.0992012,0.2106836,21.93108,129.21254,261.84269,178.36243,60400.0,KEP
1933 QG,2.6559515,0.2066944,12.55697,298.09057,100.32346,290.66963,60400.0,KEP
1933 SC,2.2952903,0.17432409999999998,5.2414,264.59323,144.26906,332.0197,60400.0,KEP
1933 SF1,3.2091374,0.0740892,7.08113,236.44657,21.15059,2.47037,60400.0,KEP
1933 WC,2.4117669,0.3161347,23.95995,238.19091,148.68082,56.26457,60400.0,KEP
1935 RC,3.2056812,0.2353275,20.40748,6.15507,34.16489,190.95183,60400.0,KEP
1934 FG,2.3093814,0.20240229999999998,24.62399,358.2532,196.38774,244.48757,60400.0,KEP
1934 FO,2.9869954,0.2046115,2.80021,256.04876,316.31376,139.30656,60400.0,KEP
1934 JG,2.9953409,0.2312293,19.85088,71.75043,206.61634,126.91087,60400.0,KEP
1934 JH,2.9399261,0.1693699,9.51054,317.68721,344.97095,242.4748,60400.0,KEP
1934 LA,2.4221412,0.234702,23.35912,253.13822,29.36018,277.76437,60400.0,KEP
1934 LD,3.2214796,0.15037789999999998,18.94166,44.53291,141.01387,276.90381,60400.0,KEP
1934 LL,2.1846986999999998,0.16411879999999998,4.51758,304.28622,330.0722,280.61795,60400.0,KEP
1934 NR,2.5422578,0.2543939,7.40881,14.31158,337.07993,28.27936,60400.0,KEP
1934 NS,2.667198,0.2245942,15.9752,101.65371,278.41083,164.50885,60400.0,KEP
1934 RT,2.7798419,0.1625167,5.82256,57.71849,269.71402,114.34074,60400.0,KEP
1925 UA,3.5123222,0.13740059999999998,5.77257,222.62032,172.86426,16.34322,60400.0,KEP
1933 FL,2.6182526,0.1724365,14.46587,131.97147,165.30833,76.29765,60400.0,KEP
1925 DB,3.1695712,0.0746236,15.95665,158.78647,3.1386600000000002,164.2574,60400.0,KEP
1933 QS,3.0989257,0.1897234,3.10122,121.32592,184.45698,220.3085,60400.0,KEP
1934 AA,3.0643341,0.1349603,2.45242,13.58366,348.6892,47.33926,60400.0,KEP
1934 DA,2.6341368,0.1314151,14.6173,114.99726,336.25548,83.46604,60400.0,KEP
1934 OB,2.9141,0.0925617,11.45456,133.11509,129.24479,41.93701,60400.0,KEP
1934 RE,2.2408777,0.1537868,2.54865,172.58431,198.76721,241.15297,60400.0,KEP
1934 RW,2.8508119,0.06351749999999999,3.19558,97.38758,217.62188,251.22691,60400.0,KEP
1934 RA1,2.9107758,0.1002346,17.97929,160.25049,202.57207,13.39443,60400.0,KEP
1934 XA,2.2637707,0.1121137,4.81342,325.49676,110.4784,77.55654,60400.0,KEP
1934 XB,3.0224232,0.053804899999999996,8.68693,290.65243,159.11573,354.28361,60400.0,KEP
1934 YA,3.1910095,0.124678,0.41148,345.41391,225.54016,178.71058,60400.0,KEP
1935 BA,2.7412777999999998,0.0779415,13.09044,107.46593,140.69909,99.91398,60400.0,KEP
1935 CV,2.2901486,0.2022553,20.9151,312.87643,229.45758,244.94205,60400.0,KEP
1935 FC,2.5707842,0.1140991,6.03195,41.21853,235.24522,140.72478,60400.0,KEP
1935 GA,2.2472186,0.12066339999999999,5.6564,60.00915,133.25717,153.1347,60400.0,KEP
A908 CE,3.9815503,0.18155929999999998,11.4043,137.43084,332.65367,255.24028,60400.0,KEP
1929 CY,2.6287892999999998,0.1760303,13.86151,165.94166,250.64624,202.91884,60400.0,KEP
1931 VW,2.5718769,0.0664488,11.87039,229.05071,201.92301,126.29428,60400.0,KEP
1933 FD,2.7906479,0.138367,6.5897,87.52529,17.80502,237.20717,60400.0,KEP
1934 LJ,3.013095,0.15460669999999999,10.05064,307.06344,305.4756,68.73639,60400.0,KEP
1934 TA,2.8590575,0.0861619,2.9432,139.46388,237.51085,195.13941,60400.0,KEP
1934 TF,3.1968878,0.0689997,9.6417,9.31423,64.45809,187.40429,60400.0,KEP
1935 CE,2.7790141999999998,0.0634226,3.76065,185.94785,212.97995,184.15771,60400.0,KEP
1935 CU,3.0100177,0.0953866,9.20421,211.62443,96.77156,229.05748,60400.0,KEP
1935 GK,3.1287059,0.2150647,5.95024,28.66309,250.08962,323.86977,60400.0,KEP
1935 HE,1.853365,0.0449511,22.83,225.21422,340.1433,103.52327,60400.0,KEP
1935 JH,3.0860578,0.053171199999999995,7.94894,69.57458,301.73936,25.58594,60400.0,KEP
1935 ND,3.1870174,0.1542975,13.95626,83.62842,283.10993,157.91348,60400.0,KEP
1935 OB,2.4772466,0.1655314,2.1723,21.73577,286.92185,272.92962,60400.0,KEP
1935 OC,3.1164393,0.0701485,11.10691,64.00629,342.93061,302.27282,60400.0,KEP
1935 OD,2.6339964,0.2145433,22.83105,331.39232,287.72369,298.72936,60400.0,KEP
1935 QA,3.0788058,0.1308376,21.59375,164.66871,171.89839,132.1348,60400.0,KEP
1935 QG1,3.2130409,0.37324779999999996,24.23407,121.30328,261.70834,33.14068,60400.0,KEP
1935 RA,2.9025544,0.0656433,1.10632,214.64008,110.3807,340.76089,60400.0,KEP
1935 VB,3.0158608,0.0664176,11.4901,63.94138,223.01979,98.36767,60400.0,KEP
1928 RK,2.24894,0.122917,5.08306,258.43475,337.90152,219.61197,60400.0,KEP
1932 WA,2.8741476,0.1388183,9.46556,24.08377,283.06959,9.99627,60400.0,KEP
1934 NA,2.3439829,0.131237,22.47783,270.78111,347.70183,12.29501,60400.0,KEP
1935 HD,2.5241234,0.061460299999999995,14.81899,18.04894,263.40655,16.86892,60400.0,KEP
1935 QB,3.1218648,0.2119489,14.35938,180.39968,128.48044,71.59849,60400.0,KEP
1935 QG,2.2509171,0.1708403,4.80518,305.93372,4.15281,111.00263,60400.0,KEP
1935 QJ,3.1966558,0.12204799999999999,16.45957,185.05008,101.66261,188.46324,60400.0,KEP
1935 QK,2.7663965999999998,0.14846209999999999,16.43786,327.37408,87.57465,38.93989,60400.0,KEP
1935 QN,3.4203544,0.31569769999999997,38.93897,297.44347,99.00179,18.93012,60400.0,KEP
1935 UA,2.2500921,0.2781168,5.2961,302.43353,61.0934,83.88284,60400.0,KEP
1935 UB,2.4477679,0.07086909999999999,5.82047,52.73945,31.49289,357.60249,60400.0,KEP
1935 UH,2.2282157,0.2150945,3.5519,163.43569,156.06765,267.43118,60400.0,KEP
1936 CD,2.2597785,0.0932933,6.03182,223.14963,357.6611,271.77499,60400.0,KEP
1936 DB,2.374212,0.151103,3.59203,43.50617,202.118,325.23962,60400.0,KEP
1936 FC,2.523287,0.0927245,15.60987,169.8301,33.04246,316.80953,60400.0,KEP
1936 FM,3.1450184,0.11006869999999999,10.40856,358.88801,247.82218,221.33087,60400.0,KEP
1930 QJ,2.4888403,0.1804786,4.69636,351.77289,29.3476,272.05161,60400.0,KEP
1925 BB,2.2193288,0.1324284,1.55824,352.90577,247.43381,253.27973,60400.0,KEP
1934 RV,3.0822151,0.1871234,0.054090000000000006,192.72457,165.45482,196.00233,60400.0,KEP
1934 RX,2.6781291,0.1797638,11.85823,152.81355,275.91752,108.4626,60400.0,KEP
1935 MJ,2.7395755999999998,0.10795429999999999,6.92071,114.84873,259.55564,92.80913,60400.0,KEP
1935 PA,2.3637293,0.287221,11.82229,161.41968,153.00406,133.63213,60400.0,KEP
1935 QD,2.2589429,0.2085785,5.53775,202.98238,126.03751,47.05156,60400.0,KEP
1935 SS,3.0187108,0.08907699999999999,11.191230000000001,54.32912,257.999,12.08428,60400.0,KEP
1935 SS1,2.8653619,0.011354999999999999,2.05225,174.52527,295.42849,353.31216,60400.0,KEP
1935 TA,3.433264,0.0364669,19.93511,28.882460000000002,334.13513,331.44881,60400.0,KEP
1936 DA,2.5500746,0.1631137,7.5947000000000005,103.27586,85.81712,207.46132,60400.0,KEP
1936 FO,2.6071285,0.20287149999999998,12.26239,358.22383,43.80949,86.73458,60400.0,KEP
1936 KD,2.433427,0.1095203,5.84508,56.64611,182.90361,50.42188,60400.0,KEP
1936 LK,2.4389441,0.0758534,2.67605,178.75076,113.36409,356.50147,60400.0,KEP
1936 OB,3.2078434,0.0658049,8.65873,244.75433,109.6332,53.87268,60400.0,KEP
1936 PF,2.2476241,0.1648328,4.4937,359.4874,266.36938,35.79399,60400.0,KEP
1936 PG,2.6820214,0.25431539999999997,3.50935,77.42016,206.39783,352.36286,60400.0,KEP
1936 QL,3.1621895,0.09956469999999999,11.84621,296.87738,72.83384,202.49819,60400.0,KEP
1936 QY,2.2162168,0.1656711,6.50748,161.59269,223.90504,159.42908,60400.0,KEP
1936 WA,3.1243816,0.232539,15.63475,210.04962,112.1257,24.37784,60400.0,KEP
1935 UD,2.2271328,0.17921479999999998,7.28799,277.45113,71.08095,253.54747,60400.0,KEP
1936 OC,2.6845868,0.15462589999999998,14.29376,266.94185,11.60164,353.78422,60400.0,KEP
1936 QA,2.7168823,0.2943693,10.18107,156.97644,192.32236,184.64265,60400.0,KEP
1936 QW,5.284652,0.1132487,18.0306,332.87763,61.86284,63.6561,60400.0,KEP
1936 RE,2.2513725,0.145723,7.03306,312.02471,96.08359,292.0717,60400.0,KEP
1936 RF,2.6959339,0.0970716,12.42614,333.02379,86.48496,235.76597,60400.0,KEP
1936 WC,2.7626833,0.2842843,5.82356,268.31073,111.31136,26.26184,60400.0,KEP
1936 WF,3.1113358,0.09707779999999999,8.3553,201.48062,186.83434,13.51259,60400.0,KEP
1937 AK,2.6757711,0.0572839,6.70768,177.50579,205.30304,73.5285,60400.0,KEP
1937 AL,3.0174925,0.1071863,10.35417,170.8824,233.62578,299.5798,60400.0,KEP
1937 AM,3.0059449,0.0596902,8.03979,284.4819,93.98733,21.27306,60400.0,KEP
1937 BA,2.2147788,0.1120661,4.71558,66.04552,14.29137,202.85353,60400.0,KEP
1937 CD,3.01863,0.0659237,10.23589,178.71985,298.64963,231.39452,60400.0,KEP
1937 CE,2.7870844,0.1593558,8.84856,143.70307,1.98534,259.94709,60400.0,KEP
1937 EA,2.2237238,0.0875691,3.42314,329.16284,240.92298,46.7601,60400.0,KEP
1937 EC,3.0153072,0.10878679999999999,10.03372,352.55022,66.09651,285.57449,60400.0,KEP
1937 GH,2.9728617,0.07812899999999999,8.26912,95.975,163.96162,303.29276,60400.0,KEP
A903 SJ,2.2416738,0.2027676,7.19434,355.07572,324.35812,356.35274,60400.0,KEP
1929 RF,2.2924134,0.1472337,5.7261,213.4831,232.62074,14.8268,60400.0,KEP
1931 RJ,2.7472854,0.0783234,3.49,260.71182,72.94242,135.74326,60400.0,KEP
1936 FQ,3.0904607,0.0841859,9.80059,42.56365,161.90185,45.79566,60400.0,KEP
1936 QF,2.2470728,0.16728079999999998,2.6811,201.5358,171.19823,331.78587,60400.0,KEP
1936 QM,2.8620083,0.0822243,2.90692,58.45187,321.44387,20.59458,60400.0,KEP
1937 AJ,3.1916491,0.056033799999999995,9.16048,42.894800000000004,304.04021,248.68737,60400.0,KEP
1937 GB,2.6141885,0.09897159999999999,12.96368,185.9469,341.27743,241.67988,60400.0,KEP
1937 GF,2.5807279,0.16113249999999998,9.06602,334.99736,274.67241,322.65564,60400.0,KEP
1937 KB,2.7509674,0.21039000000000002,9.34303,78.40721,241.72205,324.39903,60400.0,KEP
1937 NO,2.8087106,0.1418775,17.30518,115.62816,251.93356,88.61496,60400.0,KEP
1937 NH,2.5551709,0.3340898,7.74837,47.65567,297.93568,66.25108,60400.0,KEP
1937 NK,2.5604578,0.1974728,3.28624,327.13708,351.65814,41.73441,60400.0,KEP
1937 OB,2.6183289,0.1842043,13.9887,117.66199,224.04543,131.65779,60400.0,KEP
1937 PG,2.3814973999999998,0.2258782,8.26915,123.20727,218.49456,190.03547,60400.0,KEP
1937 UC,2.7989454,0.1675689,8.2442,321.42109,94.63388,164.02812,60400.0,KEP
1936 FD1,3.0147573,0.06927559999999999,10.82973,152.31954,145.38713,180.16223,60400.0,KEP
1936 WE,2.6477944,0.2463532,4.04971,188.91209,269.25959,88.70857,60400.0,KEP
1936 YA,3.1453082,0.061209599999999996,13.891070000000001,260.3841,31.51551,30.22749,60400.0,KEP
1937 PB,5.2210758,0.0462618,20.46206,315.79381,129.78742,58.05216,60400.0,KEP
1937 TC,3.1574799,0.23756649999999999,2.04355,238.20364,129.03765,102.05816,60400.0,KEP
1937 TE,3.9925124,0.1165649,4.20449,35.54471,101.03924,212.2958,60400.0,KEP
1937 TF,3.1613215,0.1862974,2.26756,46.53277,350.74733,155.82021,60400.0,KEP
1937 WA,2.6303138,0.2395088,13.92194,253.96425,115.82271,121.71178,60400.0,KEP
1937 YF,2.8741628,0.0766089,1.262,220.68862,128.86683,2.07248,60400.0,KEP
1937 YG,2.9362521,0.0641889,1.9356,174.79588,159.73029,174.44877,60400.0,KEP
1938 AE,3.1552079,0.1371816,17.75732,303.20137,310.3251,6.88556,60400.0,KEP
1938 AF,3.1160298,0.1834076,2.28091,88.90037,274.65383,342.72071,60400.0,KEP
1938 BA,2.2453126,0.1015852,5.25647,17.48548,195.98221,139.9531,60400.0,KEP
1938 BB,2.5351751,0.0409985,4.7845,35.38757,67.36528,148.46086,60400.0,KEP
1938 DF,2.3717376,0.1860175,5.81266,44.76491,75.23533,213.95406,60400.0,KEP
1938 DO,2.2219138,0.14285,6.64136,110.68116,132.38947,282.74585,60400.0,KEP
1938 DP,2.6113756,0.1714094,4.85502,74.83674,14.80991,190.23036,60400.0,KEP
1938 DT,2.2029256,0.1181015,5.11183,175.23964,51.73116,64.38005,60400.0,KEP
1938 DZ1,3.1095231,0.2022052,14.21076,21.34348,93.90223,266.69717,60400.0,KEP
1938 ED1,1.8969168,0.028500599999999997,23.67101,7.05215,255.154,257.83081,60400.0,KEP
1936 DO,2.3652889,0.1421754,5.09143,352.48231,135.5268,99.71427,60400.0,KEP
1937 LF,2.2462903,0.12562399999999999,7.75189,128.24093,101.00674,303.12797,60400.0,KEP
1937 NG,3.2023639,0.2212333,10.43957,282.4061,65.55714,4.47209,60400.0,KEP
1937 PA,2.694029,0.1578837,6.08433,296.08277,296.80973,281.45916,60400.0,KEP
1937 RC,2.6251267,0.18206229999999998,12.53497,181.58063,100.14626,174.04059,60400.0,KEP
1937 VA,3.1519982,0.22868329999999998,16.89595,41.38441,328.76602,184.94519,60400.0,KEP
1937 WC,2.544207,0.1858993,6.68141,74.07539,358.00685,109.25492,60400.0,KEP
1937 YL,3.1236939,0.049833699999999995,15.31777,104.61301,334.26736,252.73659,60400.0,KEP
1938 CA,3.1481514,0.10788199999999999,0.9639900000000001,24.74523,186.5678,71.55751,60400.0,KEP
1938 CB,3.1510355,0.1946678,7.25819,329.09612,80.10033,231.32417,60400.0,KEP
1939 VO,3.002841,0.0449293,11.54508,86.55317,60.5855,351.86072,60400.0,KEP
1938 FA,3.0265034,0.17807579999999998,9.92182,166.92293,50.37784,80.52287,60400.0,KEP
1938 KA,2.3792497,0.1555784,13.13657,154.91405,74.97276,172.78931,60400.0,KEP
1938 OE,3.3887544,0.1270886,21.89458,326.30814,350.46274,274.07787,60400.0,KEP
1938 PA,2.195372,0.2714823,9.94125,308.8623,23.20273,102.30017,60400.0,KEP
1938 QD,3.1233947,0.061513099999999994,13.42385,188.69607,206.72034,121.59869,60400.0,KEP
1938 SD,3.1586049,0.0733814,3.19971,358.23203,339.09868,100.32148,60400.0,KEP
1938 SL1,2.7174633,0.1199137,13.60075,321.88853,93.52501,356.82343,60400.0,KEP
1938 UQ,2.2345269,0.1982637,4.56722,45.16086,318.9628,235.56108,60400.0,KEP
1938 UT,2.5753876,0.23689729999999998,13.64589,216.45736,129.31972,280.39416,60400.0,KEP
1935 QY,2.7375169,0.4886814,26.6712,323.35714,84.09096,182.57997,60400.0,KEP
1935 SM,2.3497039,0.1679592,4.5065800000000005,200.10096,201.47771,186.14781,60400.0,KEP
1936 RA,2.2802474,0.1904889,6.32496,330.46359,349.95849,166.87991,60400.0,KEP
1938 CC,3.2090498,0.2661264,15.80767,319.84008,105.29292,119.83677,60400.0,KEP
1938 CF,2.4668295,0.0892004,7.82868,318.5142,162.54381,105.52845,60400.0,KEP
1938 DE,2.6734986,0.1949705,7.29704,18.02009,79.80623,272.04264,60400.0,KEP
1938 DK,2.2022942,0.10904359999999999,4.85995,63.5846,65.5954,146.52139,60400.0,KEP
1938 DR,3.0161483,0.041516,3.5082400000000002,353.64263,315.40852,11.93313,60400.0,KEP
1938 DA1,2.8766154999999998,0.037027399999999995,2.97302,70.98164,218.96353,122.40449,60400.0,KEP
1938 DJ1,2.7164548,0.18033739999999998,4.48948,71.76922,88.42169,81.14178,60400.0,KEP
1938 HC,2.7363695,0.2068069,17.2961,72.6016,126.94735,356.32128,60400.0,KEP
1938 OB,3.0261206,0.11830239999999999,8.92621,297.31651,46.77048,81.28263,60400.0,KEP
1938 QA,2.1988214,0.1247832,0.07442,332.1604,351.20272,99.05515,60400.0,KEP
1938 WC,3.1357975,0.1240588,2.46721,97.03459,106.85275,359.44321,60400.0,KEP
1938 XE,3.0403755,0.1135752,10.55642,354.24902,114.87492,37.6464,60400.0,KEP
1939 GC,3.1839281,0.152937,2.47262,154.576,26.7671,333.24697,60400.0,KEP
1936 LB,2.3534317,0.1550377,10.02298,254.22534,90.99005,53.75142,60400.0,KEP
1938 EJ,3.2385712,0.1275979,3.64059,313.01094,160.32377,22.30883,60400.0,KEP
1938 FL,2.1726515,0.1167906,6.05607,137.70607,81.98134,280.41253,60400.0,KEP
1938 QB,2.4297557,0.2011974,2.57608,330.55405,1.55268,222.91005,60400.0,KEP
1938 SJ,2.1898133,0.13122029999999998,2.45694,194.98186,184.45353,123.92199,60400.0,KEP
1938 SW,2.6381302,0.15467309999999998,12.72509,13.05951,268.50756,47.42745,60400.0,KEP
1938 SA1,2.20669,0.16176079999999998,2.50077,294.30868,1.10017,92.42596,60400.0,KEP
1938 SB1,2.8929508,0.0832855,1.05762,299.91333,28.14584,164.44033,60400.0,KEP
1938 SK1,3.105687,0.2351131,12.65927,265.05521,96.92014,240.01474,60400.0,KEP
1938 UF,2.6708198,0.1860144,12.17608,239.55303,74.62581,263.28189,60400.0,KEP
1938 UH,2.2427319,0.1898418,7.4337,19.88241,17.14197,157.37124,60400.0,KEP
1938 UJ,2.5450201,0.24100339999999998,7.29954,16.87647,14.20592,7.14423,60400.0,KEP
1938 WB,2.7332061,0.0883683,4.09563,204.3302,273.00478,283.63486,60400.0,KEP
1938 XD,2.6260879999999998,0.1012826,12.3435,316.81585,178.52827,350.22457,60400.0,KEP
1939 FM,2.3997136,0.1555233,11.05004,94.71235,51.23949,344.26038,60400.0,KEP
1939 HH,2.6621492,0.132737,14.50254,248.12553,343.98536,199.5541,60400.0,KEP
1939 JC,2.5703595,0.2613413,12.56674,234.45925,45.23279,191.3919,60400.0,KEP
1939 RD,2.332167,0.2442078,9.22202,292.77451,50.49158,278.25376,60400.0,KEP
1938 UP,2.7685698,0.418855,28.72851,13.84014,93.51409,146.59312,60400.0,KEP
1938 YG,1.8663367,0.0324929,22.31964,283.47771,268.0273,72.7079,60400.0,KEP
1939 DC,2.670247,0.149414,11.8265,331.35414,164.84495,198.83256,60400.0,KEP
1939 FB,2.3568938999999998,0.1095121,4.06794,81.71007,97.01115,169.51892,60400.0,KEP
1939 FE,3.9648227,0.142121,6.46808,10.05462,237.43999,274.77556,60400.0,KEP
1940 EB,2.1924686,0.09784359999999999,3.97655,136.13426,27.43992,332.80013,60400.0,KEP
A906 QG,2.2405178,0.1991982,4.53628,145.82116,179.40515,27.23623,60400.0,KEP
1936 VG,2.5701071,0.2362541,10.68373,49.16188,350.39493,82.00724,60400.0,KEP
1938 BG,2.622065,0.1858213,8.7486,125.81351,93.99176,54.52286,60400.0,KEP
1938 FD,2.7172652999999998,0.0437803,5.27252,63.83347,229.49875,329.70335,60400.0,KEP
1938 UA,2.2254766,0.1428003,6.7125200000000005,27.7121,37.32072,238.80548,60400.0,KEP
1938 UB,3.1261296,0.23987799999999998,12.60745,15.78615,339.03402,162.48759,60400.0,KEP
1938 UY,3.1110407,0.09483369999999999,15.27535,253.27035,119.42946,248.05561,60400.0,KEP
1938 UB1,2.8491602,0.1396684,15.03139,12.42843,49.98989,253.63472,60400.0,KEP
1938 WO,2.3686548,0.0710799,5.35119,60.51809,30.96363,125.1074,60400.0,KEP
1939 BC,2.2419767,0.0937895,5.14033,327.74126,188.36365,114.76924,60400.0,KEP
1939 SB,3.1089607,0.1203016,12.69775,347.63675,1.1965000000000001,161.80093,60400.0,KEP
1939 SC,2.6979651,0.2636937,5.86881,278.8676,65.38481,48.86012,60400.0,KEP
1939 TF,2.3148265,0.1874814,6.20601,336.86312,72.96748,333.19445,60400.0,KEP
1939 UG,2.2268371,0.1985131,5.19118,16.09627,304.44238,195.62579,60400.0,KEP
1940 CA,2.4135199,0.1450744,8.51929,139.34552,59.09066,101.5368,60400.0,KEP
1938 BC,3.9904703,0.2026317,9.06015,100.57665,294.6247,348.17257,60400.0,KEP
1938 SG,2.248119,0.1988287,4.42177,285.73333,84.92766,120.7403,60400.0,KEP
1938 SH,2.6275121,0.1545519,12.41464,278.82744,143.09995,342.29457,60400.0,KEP
1938 SM,3.0043269,0.047182999999999996,8.77664,330.51922,127.25037,55.25294,60400.0,KEP
1939 BD,3.0118927,0.0407668,10.712720000000001,156.53885,7.97636,82.18032,60400.0,KEP
1939 BK,2.7310274,0.2508389,9.79529,62.0858,42.26582,339.43271,60400.0,KEP
1939 RC,3.170014,0.19398079999999998,6.06558,264.62709,40.93887,82.16664,60400.0,KEP
1939 SE,2.2042484,0.1950314,1.5352000000000001,195.62946,170.74976,298.74573,60400.0,KEP
1940 QA,3.0607183,0.2936087,3.85588,229.87348,148.66574,225.36079,60400.0,KEP
1940 RF,2.3621198,0.21824759999999999,9.44197,343.17485,13.88561,356.97173,60400.0,KEP
1940 UB,3.141363,0.19185929999999998,1.73265,142.97014,250.50358,332.71401,60400.0,KEP
1938 WK,2.8471992999999998,0.08544689999999999,11.97142,52.44838,111.86695,171.13312,60400.0,KEP
1939 CK,2.7671786,0.06914239999999999,4.87064,1.35725,190.83306,141.86085,60400.0,KEP
1941 QE,3.096051,0.1191493,2.76947,211.61745,163.27541,36.83171,60400.0,KEP
1941 SJ,2.6303405,0.3245821,11.02944,287.86364,25.895,140.8304,60400.0,KEP
1941 UK,2.373985,0.1039798,3.33281,59.900150000000004,356.37653,178.4174,60400.0,KEP
1941 UW,2.7696159,0.23789459999999998,2.95369,51.79277,90.07114,238.69488,60400.0,KEP
1941 SG1,3.1734945,0.1275527,16.11904,190.29769,280.77484,136.01573,60400.0,KEP
1929 CZ,2.6464188,0.2513819,11.71971,291.22295,154.77773,75.88703,60400.0,KEP
1935 FK,2.7878773,0.0815489,16.55176,116.89442,87.5306,27.6472,60400.0,KEP
1937 GA,2.2311977,0.08315639999999999,5.54642,85.21804,6.70076,124.16631,60400.0,KEP
1937 WD,2.5429529,0.3142435,8.88364,64.46427,311.1255,119.67627,60400.0,KEP
1938 DC1,2.3950244,0.0658132,3.76024,107.2096,232.80018,266.97725,60400.0,KEP
1938 DE1,3.0081221,0.10048549999999999,9.83454,9.91724,40.19059,277.69918,60400.0,KEP
1940 AD,2.9070008,0.0953456,3.22982,110.73009,23.21891,350.96925,60400.0,KEP
1940 RE,2.6201198,0.2013142,12.14634,217.04582,131.44608,260.51652,60400.0,KEP
1941 SA,2.6914982,0.27525679999999997,6.01852,318.00368,47.76795,248.01047,60400.0,KEP
1942 AA,3.4261113,0.10655189999999999,15.72197,91.35681,266.38884,115.33196,60400.0,KEP
1942 AD,3.0108207,0.1061598,10.29833,355.18363,4.05017,19.81368,60400.0,KEP
1942 BD,3.2241087,0.028161,10.50974,110.7674,302.93258,142.05785,60400.0,KEP
1942 BF,2.3901528,0.1354738,3.1881,327.85854,217.29581,38.78223,60400.0,KEP
1942 XB,2.686154,0.21193889999999999,6.28083,289.07144,94.53556,203.17862,60400.0,KEP
1941 CG,3.2082518,0.12750119999999998,4.3296,230.54582,43.65905,122.47557,60400.0,KEP
1943 EE,2.2258703,0.0786916,4.88509,129.45925,82.71398,107.52917,60400.0,KEP
1943 EG,2.1913577,0.08521809999999999,5.98496,53.58777,116.95084,356.11222,60400.0,KEP
1936 TB,3.1707541,0.19844009999999998,10.95703,176.96122,232.8499,197.79848,60400.0,KEP
1948 WA,2.3926424,0.34835499999999997,21.49614,261.11239,116.41742,155.50047,60400.0,KEP
1949 MA,1.0780882,0.8269213999999999,22.80165,87.95325,31.43692,344.75531,60400.0,KEP
1941 HN,3.2092426,0.0822903,17.27956,51.43113,109.86398,187.12819,60400.0,KEP
1946 QB,2.3521845,0.2543976,24.86551,146.13567,229.06072,157.54871,60400.0,KEP
1948 PA,3.1474377,0.131876,12.25194,99.42813,248.28397,160.75266,60400.0,KEP
1948 TX,2.8436806,0.0565651,1.66684,189.99239,227.93907,231.12619,60400.0,KEP
1950 FJ,3.1416506,0.11520709999999999,14.59545,292.31983,141.23802,195.26977,60400.0,KEP
1949 SC,3.1120534,0.20359339999999998,13.2702,5.8849,354.37444,209.53489,60400.0,KEP
1949 UA,2.3705586,0.2313981,24.55934,202.35124,173.93657,153.12034,60400.0,KEP
1949 FD,3.539335,0.034583499999999996,14.47851,245.60284,258.98945,135.37985,60400.0,KEP
1950 HH,2.3734081,0.17980089999999999,24.83492,206.76631,348.34,85.38221,60400.0,KEP
1948 SA,3.1450939,0.1678641,0.9548400000000001,166.59552,246.97482,190.79805,60400.0,KEP
1949 BA,2.2305063,0.1660752,4.35568,123.52497,266.461,263.01118,60400.0,KEP
1951 AT,3.9296265999999997,0.2413842,0.8077900000000001,74.02012,1.78814,139.32446,60400.0,KEP
1948 SB,3.4336952,0.1266058,8.76472,184.12236,279.28247,256.06542,60400.0,KEP
1950 KA,2.1961366,0.4874247,52.18722,62.22754,159.67332,258.50112,60400.0,KEP
1950 LA1,3.1568953,0.12265419999999999,2.53914,104.80068,89.39388,102.67323,60400.0,KEP
1950 LY,3.1549251,0.1256273,11.60759,93.89094,127.92542,91.70768,60400.0,KEP
1950 SA,5.1472851,0.0538931,28.48992,221.37333,188.31537,82.27533,60400.0,KEP
1927 CR,2.3751675,0.1956935,26.64273,305.34144,189.00736,184.45255,60400.0,KEP
1947 RG,2.9285897,0.3087816,26.17764,150.07715,264.14396,57.00008,60400.0,KEP
1939 CJ,2.4288938,0.1062074,4.0588,125.84049,30.07864,154.15225,60400.0,KEP
1933 FS1,2.5434096999999998,0.1553021,7.83385,357.34222,98.38558,218.48392,60400.0,KEP
1951 MH,3.0293686,0.0702426,11.26123,98.54105,222.59667,232.83597,60400.0,KEP
1950 RK,2.4174367,0.0925946,5.26082,90.26414,289.05982,178.98059,60400.0,KEP
1933 NA,2.2308009,0.15649259999999998,4.35122,226.49668,52.74215,92.66321,60400.0,KEP
1951 KA,2.3903909,0.1770678,24.83654,90.4388,163.74646,243.05227,60400.0,KEP
1951 LA,2.7667497,0.3047951,13.53011,106.12448,177.89954,278.55535,60400.0,KEP
1951 LB,2.2250351,0.2809526,9.97735,120.00069,185.28907,307.4864,60400.0,KEP
1949 WA,2.2690511,0.194688,8.94333,69.38219,222.16529,11.07006,60400.0,KEP
1930 ME,2.6452912,0.1109676,4.16286,112.16668,189.55039,266.51503,60400.0,KEP
1951 EV,2.889172,0.1292555,13.29007,248.95535,159.52762,65.77259,60400.0,KEP
1949 EB,2.8511078,0.08736859999999999,11.78858,158.49491,53.64245,198.87439,60400.0,KEP
1950 CA,2.3331347,0.08041859999999999,7.53727,297.9017,301.73324,190.51025,60400.0,KEP
1950 WA,3.129731,0.1410011,6.09314,43.28115,354.96119,78.95233,60400.0,KEP
1947 UC,1.8488863,0.037245099999999996,21.17268,60.56543,50.71705,60.1368,60400.0,KEP
1942 KA,2.2347086,0.1296378,4.94101,74.6321,197.03034,158.1965,60400.0,KEP
1950 GF,2.2447916,0.10359439999999999,4.16219,75.04138,73.98451,40.06117,60400.0,KEP
1926 VH,2.7543828,0.0942995,8.5521,129.95137,255.85743,118.83659,60400.0,KEP
1931 FH,3.0224595,0.10463589999999999,9.3902,308.86822,37.21879,90.4644,60400.0,KEP
1936 GA,3.0131455,0.0712848,10.5811,173.60631,276.76831,42.11114,60400.0,KEP
1950 RH,2.6892291,0.3180549,7.72046,190.3043,142.89749,240.6882,60400.0,KEP
1950 RA,2.5510981999999998,0.3034154,8.58065,122.36329,236.28046,18.98802,60400.0,KEP
1951 RZ,2.2139552,0.1690429,3.94353,356.92603,316.49368,30.75418,60400.0,KEP
1951 NL,2.5830524,0.24900989999999998,18.62982,105.18855,229.10023,158.63138,60400.0,KEP
1928 RT,2.2021477,0.1989683,2.1968900000000002,359.6164,14.86052,71.18859,60400.0,KEP
1950 DJ,3.1744243,0.1598326,4.27767,237.396,74.74677,210.13889,60400.0,KEP
1950 BJ,3.1005352,0.0921037,16.83562,319.46585,243.97469,155.83387,60400.0,KEP
1950 SD,2.735763,0.259938,7.97469,320.71342,126.62715,31.67404,60400.0,KEP
1952 HA,2.9950301,0.0704088,14.10889,162.24194,348.49064,0.46075000000000005,60400.0,KEP
1950 BW,3.1178392,0.1834105,1.6912800000000001,152.43392,254.20809,237.78383,60400.0,KEP
1950 EA,2.9097295,0.0156555,8.48469,48.03288,14.48857,96.26267,60400.0,KEP
1952 FB,3.2075398,0.12321359999999999,13.23874,154.86053,24.46305,220.84863,60400.0,KEP
1948 NF,2.8671238,0.0309155,3.22261,102.80476,178.92892,216.27055,60400.0,KEP
1953 TA,2.2410632,0.1758719,6.21061,61.45582,328.37046,350.76551,60400.0,KEP
1951 RA,1.2457528,0.3355106,13.33496,337.16343,276.97699,147.60116,60400.0,KEP
1926 TM,2.2296762,0.11908239999999999,3.17275,181.82578,238.28832,63.30415,60400.0,KEP
1952 EA,2.2357969,0.1625846,6.45587,4.30278,256.76452,134.37542,60400.0,KEP
1948 PL,3.1435251,0.154577,2.5027,115.34199,321.02665,131.74816,60400.0,KEP
1931 TT1,3.1873532,0.0939542,1.99695,133.36467,28.39357,333.74066,60400.0,KEP
1953 RB,3.1822484,0.2362116,15.51043,320.26055,286.62521,202.7343,60400.0,KEP
1927 AA,2.3630824,0.273763,25.31859,279.4617,149.3162,301.28039,60400.0,KEP
1929 SH,1.8638377,0.39656949999999996,8.450520000000001,133.10134,167.83927,78.93194,60400.0,KEP
A923 RT,3.014891,0.0626216,19.36301,181.09448,287.40684,338.33766,60400.0,KEP
1952 DB,2.238042,0.1546836,9.70141,132.67673,106.56698,113.44713,60400.0,KEP
1952 DA,3.0293681,0.1675679,4.53721,54.44309,94.94137,232.58303,60400.0,KEP
1936 UC,2.2352124,0.2139023,7.48955,16.7687,315.12546,94.93734,60400.0,KEP
1941 DF,2.6562011,0.1364917,5.71881,199.71341,126.68078,256.05604,60400.0,KEP
1929 EC,3.1868762,0.1287896,2.66782,113.49858,72.28358,284.36047,60400.0,KEP
1935 QP,2.2464802,0.1621695,7.6014800000000005,90.66517,191.30649,145.01282,60400.0,KEP
A924 EV,2.8528856,0.0612828,1.82583,184.32289,135.14734,128.56387,60400.0,KEP
1950 BH,2.2349393,0.1273156,4.43567,168.33482,239.31533,151.68931,60400.0,KEP
A907 GX,3.0683274,0.050748999999999996,14.08202,21.15402,238.52713,200.30793,60400.0,KEP
A912 HJ,2.7489558,0.19024749999999999,0.29787,200.73711,86.36339,146.28132,60400.0,KEP
1951 RB,2.573821,0.1480406,8.44044,324.12696,106.74716,159.64529,60400.0,KEP
1951 QA,2.2888672,0.3425608,7.10778,355.41953,354.92198,343.4095,60400.0,KEP
1935 OJ,3.0202797,0.0979845,9.31966,331.37314,0.8129000000000001,310.17605,60400.0,KEP
1951 RU,2.7506565,0.0675441,10.80376,339.02318,149.07688,189.74526,60400.0,KEP
1951 RQ,2.4889098,0.2022533,3.51254,287.85823,90.07848,150.13332,60400.0,KEP
1935 YA,2.5465595,0.1576002,7.02939,270.83474,197.50232,234.8731,60400.0,KEP
1933 OJ,3.0602502,0.110222,1.02666,265.3222,106.89141,296.79161,60400.0,KEP
1939 BG,2.3605558,0.11867979999999999,8.38004,119.94756,279.9728,252.90277,60400.0,KEP
1957 MK,5.2063875,0.023079099999999998,5.65298,240.30638,295.06777,287.76892,60400.0,KEP
1935 RF,2.2348193,0.207483,4.57229,130.3416,134.77309,238.41561,60400.0,KEP
1951 DE,3.0196116,0.0445109,10.80996,145.32863,19.71047,324.93226,60400.0,KEP
1937 TG,2.4353458,0.1627667,2.75088,199.68883,56.66897,20.30403,60400.0,KEP
1936 HD,2.1792114,0.06690299999999999,5.07804,187.43416,339.38272,162.78096,60400.0,KEP
1953 PA,2.2512213,0.1499811,3.19833,251.65337,12.98717,15.42408,60400.0,KEP
1937 RA,2.6119066,0.3227639,4.06662,303.95168,88.77755,165.59105,60400.0,KEP
1931 TL,3.0184684,0.0861979,10.42398,25.15598,333.37668,250.48774,60400.0,KEP
1929 WG,2.7845828,0.23108179999999998,9.58337,111.04427,323.69675,113.24489,60400.0,KEP
1942 EC,1.8774819999999999,0.12322709999999999,25.06764,175.51949,287.4145,14.18217,60400.0,KEP
1961 EA,2.3471883,0.23751719999999998,23.38392,105.30012,54.26267,190.9083,60400.0,KEP
1953 NA,2.5613304,0.1836571,9.09743,95.3537,189.20052,104.55441,60400.0,KEP
1940 YL,2.7838435,0.260789,16.42575,338.18443,36.45657,32.73498,60400.0,KEP
1953 GA,2.3958473,0.30038899999999996,20.59825,212.6646,277.28526,100.01152,60400.0,KEP
A916 FA,2.1836008,0.0906785,3.03499,261.64871,327.81088,134.47422,60400.0,KEP
A923 RB,2.7431111,0.17414269999999998,4.22725,330.47821,63.58711,20.54641,60400.0,KEP
1926 PE,2.2398244,0.17993109999999998,5.36096,83.17196,275.28919,18.79075,60400.0,KEP
1929 CD,2.3372629,0.22577709999999998,6.11593,43.98743,107.55027,213.34324,60400.0,KEP
1930 DQ,2.4152776,0.20560599999999998,10.8267,91.43831,5.81106,76.58055,60400.0,KEP
1930 OG,2.1854778,0.1819904,2.68702,263.0612,83.7295,326.6558,60400.0,KEP
1930 SY,2.1899517,0.1558944,4.61635,80.83202,195.87039,3.4092000000000002,60400.0,KEP
1933 OK,2.8059188,0.2161556,4.73989,160.91895,191.0301,78.23954,60400.0,KEP
1934 RS,3.1446126,0.1070941,0.9374300000000001,19.00401,178.70762,191.13288,60400.0,KEP
1934 RZ,2.9031561999999997,0.1051797,10.51186,59.08672,18.67369,337.60637,60400.0,KEP
1934 TD,2.5904059999999998,0.2541913,3.97022,177.02429,250.40506,145.9673,60400.0,KEP
1935 BD,3.1691507,0.278649,1.06813,181.31738,254.96755,242.83576,60400.0,KEP
1937 TH,3.0975236,0.1830241,3.59241,208.01021,209.23122,275.09601,60400.0,KEP
1938 DS,3.1935988,0.1271986,2.6641500000000002,95.5494,4.51553,100.29012,60400.0,KEP
1938 FB,2.2332158,0.1251427,6.78998,30.08143,50.27319,7.45668,60400.0,KEP
1939 LC,2.2370126,0.18660749999999998,6.12769,54.53635,204.83529,128.47831,60400.0,KEP
1940 RO,2.5323795,0.1070568,14.85778,337.87234,317.65558,309.1824,60400.0,KEP
1940 YH,3.1602063,0.1095959,10.18921,351.56863,120.14804,284.59179,60400.0,KEP
1941 FR,3.1187287,0.1524921,17.97063,177.41045,89.5507,307.06714,60400.0,KEP
1942 CH,2.7254462,0.18183349999999998,4.25986,83.32674,158.13282,24.57579,60400.0,KEP
1948 WE,2.6985732,0.20433959999999998,7.20704,94.30434,0.9851400000000001,344.07059,60400.0,KEP
1949 PH,2.2386963,0.1921322,4.02701,325.66903,9.97732,92.60346,60400.0,KEP
1950 SL,2.7344964,0.17779879999999998,12.47137,326.5274,346.92233,133.74833,60400.0,KEP
1951 QE,3.0925457,0.13219509999999998,3.67054,104.99146,155.45511,186.06439,60400.0,KEP
1948 OA,1.3678236,0.43614369999999997,9.38145,274.21415,127.25928,73.06143,60400.0,KEP
1935 SR1,3.165785,0.1588415,0.6159600000000001,6.34418,294.60524,318.2995,60400.0,KEP
1965 SC,3.1659016,0.1684085,2.63047,93.46454,317.19127,122.32316,60400.0,KEP
1951 EQ1,2.6181869,0.24142629999999998,11.75799,245.7318,42.3003,357.68087,60400.0,KEP
1930 SO,2.4490822,0.2065313,6.37622,123.1423,264.97879,116.27811,60400.0,KEP
1948 VB,3.0379005,0.095968,13.05609,230.24158,154.76294,112.68189,60400.0,KEP
1956 RB,3.1593475,0.1770077,1.08696,174.55857,232.61997,300.96139,60400.0,KEP
1936 QD,2.7880224,0.1366213,2.42692,199.56054,111.82207,311.11548,60400.0,KEP
1935 LA,2.7981823,0.2725827,11.93439,69.95486,234.81841,310.14582,60400.0,KEP
1934 SB,2.3957334,0.2576951,11.08573,13.32954,356.41434,42.79592,60400.0,KEP
1941 UO,2.7850503,0.2890674,16.68558,218.37562,139.51812,290.60654,60400.0,KEP
1939 FF,2.2616318,0.09835479999999999,6.03858,20.99299,165.81855,353.15691,60400.0,KEP
1940 RM,2.3740592,0.1167951,5.66152,331.57959,91.91951,246.16009,60400.0,KEP
1934 CS,3.1594138,0.1087099,1.4947,26.68436,133.17979,0.34991000000000005,60400.0,KEP
1941 QD,2.2118823,0.1655113,1.9713200000000002,273.48298,51.86415,55.82995,60400.0,KEP
1940 QC,2.3607865,0.2251514,4.51249,356.85551,15.52543,352.42268,60400.0,KEP
1953 NJ,3.1596738,0.1927837,16.2841,61.15806,259.38344,159.13803,60400.0,KEP
A924 NC,2.8574399,0.1426498,9.95739,103.83457,241.41127,198.69866,60400.0,KEP
1930 RB,2.2140886,0.1721975,4.52086,112.22076,213.36386,152.81437,60400.0,KEP
A924 EE,2.2229194,0.08768949999999999,0.97108,259.23235,281.683,60.03041,60400.0,KEP
1941 SL1,2.299823,0.24495419999999998,7.7113700000000005,188.58148,156.42761,254.16203,60400.0,KEP
1931 TS,2.1252831,0.11468489999999999,1.8752300000000002,279.66809,339.07859,40.62592,60400.0,KEP
1932 RL,2.2194513,0.1703864,4.03173,6.07448,42.92155,214.65004,60400.0,KEP
1929 XA,2.9117484,0.3084381,6.04566,192.211,248.61008,330.09994,60400.0,KEP
1925 QA,2.3788622,0.2132927,7.55429,300.03903,42.53397,307.47391,60400.0,KEP
1941 UF,2.3206722,0.2684729,8.46598,356.54557,336.02454,153.52336,60400.0,KEP
1935 BB,3.0121659,0.1135311,11.08736,134.70182,249.39247,99.87621,60400.0,KEP
1935 KC,3.1616983,0.1549982,19.39684,237.45469,17.50784,251.44766,60400.0,KEP
1951 SC,2.2285725,0.18404109999999999,3.74606,61.09949,256.33835,307.95445,60400.0,KEP
1951 OA,2.566277,0.1554857,7.9671,300.809,320.9557,265.24304,60400.0,KEP
1938 GK,2.398408,0.2411139,11.47149,38.8963,209.0711,16.02877,60400.0,KEP
1934 GF,2.7321462,0.0925877,5.74409,243.28653,318.16004,306.08988,60400.0,KEP
1954 AC,2.1952832,0.1291983,6.19136,340.40998,116.46034,230.55129,60400.0,KEP
1942 RX,2.3645315,0.2773915,7.70601,202.82134,133.58114,157.86806,60400.0,KEP
1950 DP,2.6568576999999998,0.2222799,14.27566,323.41881,57.73738,148.4491,60400.0,KEP
1935 CQ,2.1881108,0.1040198,0.7310500000000001,127.86417,309.24696,250.36839,60400.0,KEP
1953 TD3,3.1480266,0.0499828,16.11887,317.07057,138.03691,164.7858,60400.0,KEP
1938 EG,2.5132721,0.050979699999999996,5.46619,168.01336,284.33296,274.4159,60400.0,KEP
1936 FX,3.0151757,0.037168,10.90724,149.58561,7.14116,297.22934,60400.0,KEP
1932 DC,2.7119742,0.0582407,12.22838,163.9783,296.40289,291.83053,60400.0,KEP
1930 SK,2.902892,0.08827299999999999,3.17118,119.06795,230.25867,335.45551,60400.0,KEP
1933 OE,2.7857228,0.0453663,3.49162,230.75609,67.1593,192.25232,60400.0,KEP
1965 BA,1.8541009,0.1016223,22.8941,132.98831,313.15511,179.64648,60400.0,KEP
1964 TO,2.5632145,0.0901251,7.18828,240.40923,65.97602,239.56345,60400.0,KEP
1963 SL,2.2307109,0.1002912,2.43912,8.99562,262.75795,140.97073,60400.0,KEP
1936 UA,2.784105,0.22332359999999998,9.49013,171.13183,226.74104,294.1048,60400.0,KEP
1948 PH,3.1648499,0.128587,5.93185,152.39741,201.78484,102.68157,60400.0,KEP
1943 EY,3.011175,0.112465,10.77857,155.59015,212.20591,340.64423,60400.0,KEP
1938 DL1,2.1925303,0.0838767,4.43391,159.31346,307.40729,214.07876,60400.0,KEP
1928 TJ,2.7799116,0.2290035,8.34317,182.01911,186.44675,234.27599,60400.0,KEP
1948 RJ1,3.1394185,0.1295608,15.60634,9.21751,274.89897,265.1186,60400.0,KEP
1967 RA,2.2284292,0.1692062,4.55265,159.71002,249.27652,322.37375,60400.0,KEP
1966 TJ,3.015294,0.045451399999999996,9.36478,327.34968,222.1442,204.72232,60400.0,KEP
1930 SP,2.1834742,0.20235619999999999,4.87642,44.07269,284.45745,9.60734,60400.0,KEP
1939 PF,2.2610737,0.1237621,3.41043,203.28401,81.94243,2.67345,60400.0,KEP
1939 UA,2.4671239,0.1898373,1.99983,296.01158,78.84357,293.94501,60400.0,KEP
1960 BC,2.8849793999999997,0.0666875,2.8851,55.34965,337.86007,141.56379,60400.0,KEP
1934 RO,2.8880331,0.0980747,2.49827,152.13642,212.56776,79.24822,60400.0,KEP
4109 P-L,2.4733129,0.1338957,6.36184,189.57836,0.9292800000000001,296.63061,60400.0,KEP
6557 P-L,2.2297023,0.1208929,4.40617,27.4231,155.68224,203.01972,60400.0,KEP
1941 SY1,2.8460715,0.0568751,3.25753,78.56729,335.30516,31.19149,60400.0,KEP
1963 RF,3.9539758,0.20882409999999998,8.36158,321.89684,47.96495,232.65709,60400.0,KEP
1947 NH,1.7093571,0.1101703,21.41611,268.3521,340.45192,153.26686,60400.0,KEP
1966 RA,3.9511175,0.2154919,3.30102,125.60505,198.60565,166.51326,60400.0,KEP
1949 SB,5.1398244,0.10903289999999999,6.09887,340.83512,114.14885,14.78448,60400.0,KEP
1950 NA1,1.9264078,0.1726276,19.08732,273.71963,109.00079,150.69881,60400.0,KEP
1955 OC,2.7915359,0.17232,8.12048,240.16893,130.89967,226.49037,60400.0,KEP
1930 OK,2.2382646,0.2001469,3.50645,236.7819,98.98716,331.01451,60400.0,KEP
1934 JM,3.0147859,0.078483,11.36837,58.39996,230.48829,20.23865,60400.0,KEP
1935 FE,3.9372853,0.1685835,12.15575,162.82178,110.16797,23.33316,60400.0,KEP
1936 VD,3.0967591,0.042382199999999995,10.67962,156.88764,319.42415,318.79606,60400.0,KEP
1937 YA,2.5483422,0.2315738,5.10073,290.98684,100.36771,121.22207,60400.0,KEP
1939 FC,2.3520143,0.12576289999999998,3.97405,39.3873,148.95792,199.63808,60400.0,KEP
1942 DK,3.0103293,0.031712199999999996,10.82351,113.35448,123.16734,197.41533,60400.0,KEP
1942 RF,2.6499844,0.3130455,4.56058,158.62395,206.43053,318.80162,60400.0,KEP
1950 GB,3.1478274,0.1276726,8.44076,232.58618,331.87366,70.92933,60400.0,KEP
1952 FN,3.1954463,0.21914009999999998,2.45757,76.44668,50.8763,337.71649,60400.0,KEP
1953 TZ,2.8763750999999997,0.0741585,2.28483,160.52674,232.8526,147.51281,60400.0,KEP
1953 TN2,2.1889975,0.2033564,4.23411,304.43328,28.84047,308.12261,60400.0,KEP
1953 VM1,3.1008205,0.11817939999999999,2.23401,152.15427,81.48344,157.79159,60400.0,KEP
1957 XB,3.1724133,0.1778005,19.94866,70.14197,265.81151,12.07736,60400.0,KEP
1962 RF,2.7493007,0.08693569999999999,5.2344100000000005,188.55962,170.35263,184.23523,60400.0,KEP
1962 RJ,3.0215105,0.0965596,9.8267,192.07744,135.72697,291.43862,60400.0,KEP
1965 SA,2.4492939,0.1799008,3.25372,12.33444,19.83297,72.37759,60400.0,KEP
1966 QP,2.1785545,0.1414177,1.58759,319.2049,24.40515,331.63212,60400.0,KEP
1967 JR,2.4573572,0.0597085,5.29384,21.88524,38.84797,97.48372,60400.0,KEP
1968 BD,3.128835,0.1692216,11.21515,86.17108,316.70942,126.82384,60400.0,KEP
1968 CB,2.5267029,0.1043467,5.74307,87.9801,95.4725,316.97241,60400.0,KEP
1968 HE,2.4363105,0.1281814,5.40495,74.67294,170.21027,218.57025,60400.0,KEP
1968 UG1,2.8773646999999998,0.065358,1.86254,174.95223,252.01009,112.54065,60400.0,KEP
1969 JA,2.6028976,0.1855247,12.5538,195.87606,84.50491,352.32786,60400.0,KEP
2520 P-L,3.1045252,0.017936,9.48414,176.43576,312.04152,103.87121,60400.0,KEP
4007 P-L,2.6252768,0.0194625,3.1472,334.51875,133.27601,231.30592,60400.0,KEP
4506 P-L,3.1386598,0.13444319999999998,2.4729900000000002,106.10704,135.50064,247.08219,60400.0,KEP
1950 LZ,2.1755001,0.1613594,0.8987400000000001,254.31871,11.483,1.34317,60400.0,KEP
A906 RA,3.0134864,0.057468599999999995,8.98945,290.83787,337.41709,242.48844,60400.0,KEP
A906 UB,2.3952577,0.10700699999999999,6.94624,44.54671,342.82054,249.01551,60400.0,KEP
1931 TL1,3.1179018,0.152166,1.5451,157.36973,106.61594,12.80994,60400.0,KEP
1935 FJ,2.6611569,0.1331221,11.5014,189.44233,315.11997,208.85617,60400.0,KEP
1935 MG,2.404576,0.1333552,1.4725300000000001,95.26103,184.47739,290.30377,60400.0,KEP
1941 CD,2.2362008,0.0680166,3.77596,283.16282,246.99899,289.13665,60400.0,KEP
1948 TL,3.0183636,0.1100907,10.44543,16.19614,346.84606,143.90979,60400.0,KEP
1950 SK,3.0090495,0.0473551,8.90204,306.79357,275.87808,198.98214,60400.0,KEP
1952 OZ,3.1161043999999998,0.15336639999999999,0.68242,161.90802,144.30317,32.29029,60400.0,KEP
1966 QC,2.2129328,0.18875609999999998,1.97629,102.06577,214.85243,193.78766,60400.0,KEP
1967 ER,2.2382389,0.10001739999999999,5.10696,1.96129,148.18953,31.4248,60400.0,KEP
1967 RE,2.7446424,0.1442979,5.37849,198.81884,74.41931,208.30841,60400.0,KEP
1968 BG,2.7773322,0.27854,9.00901,72.67164,324.02491,105.91831,60400.0,KEP
1968 DW,2.2236093,0.0971701,1.51278,225.86851,324.07948,313.88109,60400.0,KEP
1970 GA,3.120463,0.15778989999999998,14.66537,220.54729,342.84484,282.25659,60400.0,KEP
4010 P-L,2.7865147,0.19063000000000002,7.52973,192.08148,79.42168,309.88459,60400.0,KEP
1966 KB,3.3583521,0.054084,22.57759,186.70342,27.2215,165.28307,60400.0,KEP
1936 VH,2.2363273,0.024638999999999998,3.13814,29.62368,353.96454,79.8229,60400.0,KEP
1949 GC,2.1992156,0.1220059,6.19416,44.22923,4.04188,141.73645,60400.0,KEP
1950 OE,3.0260847,0.11870539999999999,11.4903,156.57595,193.76622,334.9863,60400.0,KEP
1950 RJ,2.3564813,0.1362339,5.79064,124.12927,214.58387,122.6429,60400.0,KEP
1952 SP1,3.0198868,0.07077979999999999,10.96812,77.51337,13.8843,142.07525,60400.0,KEP
1964 TW1,2.8426086,0.033018399999999996,2.69301,142.53489,299.00099,81.62967,60400.0,KEP
1967 CA,2.3486582,0.2490739,21.52566,337.12678,254.34166,252.93,60400.0,KEP
1967 GG,2.4103408,0.0219819,3.63253,325.66691,302.01663,12.32201,60400.0,KEP
1970 GD,3.1418866,0.1080386,2.51653,78.34032,93.07077,292.91818,60400.0,KEP
1971 LC,2.2367367,0.105908,3.84278,270.95197,193.66829,61.40375,60400.0,KEP
1971 QA,2.2263997,0.1779903,3.4913,236.27786,140.48478,276.02954,60400.0,KEP
2517 P-L,2.7459143999999998,0.18076979999999998,2.02483,12.9685,48.21215,299.98395,60400.0,KEP
2522 P-L,2.9284209,0.0994857,3.25888,99.43776,230.9411,276.23359,60400.0,KEP
4196 P-L,2.2244415,0.0924962,4.03377,254.06446,203.76628,331.90716,60400.0,KEP
4576 P-L,3.1337531,0.1097095,8.53223,167.77572,135.57356,194.00931,60400.0,KEP
4645 P-L,3.0089666,0.0820861,10.26152,178.49742,260.06337,357.00098,60400.0,KEP
7589 P-L,2.6820446,0.0817885,8.09937,34.96602,167.81429,317.58749,60400.0,KEP
1931 TW1,2.2255307,0.1305989,4.34585,20.19453,66.16761,248.7522,60400.0,KEP
1932 CE1,3.151916,0.19263329999999998,2.74101,110.79261,358.32363,163.69819,60400.0,KEP
1936 BD,2.3377806,0.2189169,26.15909,153.27806,340.85831,234.09683,60400.0,KEP
1939 MB,2.370879,0.1914465,25.70776,88.70781,140.03337,101.29634,60400.0,KEP
1939 PE,2.1638422,0.178416,2.9802500000000003,249.39566,74.55214,217.4358,60400.0,KEP
1948 PC,3.133307,0.22845939999999998,23.90098,122.09504,165.82859,217.96161,60400.0,KEP
1949 PO,2.1985253,0.2097542,5.00004,145.15533,169.01957,330.09118,60400.0,KEP
1950 MB,2.3784677,0.2002493,2.10171,297.38244,349.7145,37.30026,60400.0,KEP
1950 OO,2.1698865,0.15315789999999999,0.9571100000000001,221.16393,30.27723,65.1079,60400.0,KEP
1951 RD,2.2256869,0.13580119999999998,2.89082,309.96364,296.54736,30.19779,60400.0,KEP
1952 FM,2.8846295,0.0395844,1.92309,14.96648,65.43987,13.18274,60400.0,KEP
1954 QH,2.6760077,0.11632229999999999,4.04394,288.47744,144.29977,249.21115,60400.0,KEP
1955 RC1,2.9972933,0.0824707,9.23379,273.97852,160.91596,10.8768,60400.0,KEP
1962 RK,2.7072306,0.18129,4.52114,220.46088,240.25212,213.36589,60400.0,KEP
1966 PH,3.0631350999999998,0.1076922,14.27805,184.35961,223.25774,216.84649,60400.0,KEP
1967 JJ,2.2512851,0.1201317,6.332,293.30704,142.33941,103.5404,60400.0,KEP
1968 HA,2.1882031,0.0564304,3.95647,147.42918,336.12215,169.75755,60400.0,KEP
1968 HC,2.2390528,0.12848009999999999,5.63617,72.55408,184.028,205.54765,60400.0,KEP
1969 PC,3.2167337,0.0982464,14.94345,303.31148,81.07521,137.39185,60400.0,KEP
1969 PN,2.6349201,0.1137059,10.00873,158.04941,153.31407,293.61037,60400.0,KEP
1969 QP,3.0221005,0.07524449999999999,9.45412,267.75342,359.57891,190.84941,60400.0,KEP
1970 OE,2.8350166,0.09154799999999999,0.9857,296.01073,80.56793,34.61563,60400.0,KEP
1971 OT,2.7846696,0.19375309999999998,7.0389,272.49667,13.11308,139.33745,60400.0,KEP
1971 QZ1,2.205266,0.0862838,3.84498,280.89416,314.74641,96.41471,60400.0,KEP
1971 UC,3.2186715,0.010565699999999999,22.00021,44.06379,32.7545,358.72454,60400.0,KEP
1971 UF,2.7985143,0.1682968,10.17126,50.84536,349.68725,62.1536,60400.0,KEP
1971 UY,2.9182675,0.014739799999999999,2.40353,40.34372,27.65149,156.87629,60400.0,KEP
1971 UO1,3.4030351,0.1129403,2.61354,44.23334,125.643,322.41018,60400.0,KEP
1972 AA,2.266344,0.180995,5.35496,153.42608,125.4447,313.03077,60400.0,KEP
1972 AB,2.651635,0.17033479999999998,8.41718,266.80325,32.1114,208.84981,60400.0,KEP
1972 UB,3.0136018,0.050894499999999995,11.79071,99.34113,71.41772,164.72053,60400.0,KEP
1972 UC,2.9739144,0.0549432,10.70548,142.46145,321.53915,316.08017,60400.0,KEP
6553 P-L,2.3386546,0.1413316,3.18375,18.9457,75.91021,196.54153,60400.0,KEP
A916 CA,2.6102292,0.0195047,11.14424,106.84591,138.27416,123.65475,60400.0,KEP
1933 QD,2.8709086,0.046117599999999995,1.44005,331.58511,312.50434,268.79967,60400.0,KEP
1942 AB,3.0531455,0.0183928,10.76116,50.31558,131.33702,88.33712,60400.0,KEP
1942 EN,2.250586,0.1257908,4.04986,68.88562,190.41462,44.27773,60400.0,KEP
1950 VA,3.1061957,0.18989129999999999,1.6644400000000001,24.65894,342.57131,158.87952,60400.0,KEP
1955 GA,3.0152013,0.0630872,11.19771,95.3158,353.99827,172.26744,60400.0,KEP
1957 XE,3.0654099,0.0458738,15.7817,298.61817,93.88216,183.83505,60400.0,KEP
1968 UE1,2.5369324,0.140742,4.89861,189.03373,275.37389,205.32846,60400.0,KEP
1969 TU1,2.2480505,0.0832731,3.07923,190.98159,349.42464,268.78614,60400.0,KEP
1969 TW1,2.2364825,0.08001459999999999,4.74172,185.82941,56.57061,238.23124,60400.0,KEP
1971 QS1,2.2440455,0.1342234,4.40115,235.96706,173.93238,183.10427,60400.0,KEP
1972 QL,2.6986952,0.0783083,1.65896,271.78078,16.25563,273.43431,60400.0,KEP
1972 RS2,3.2093343,0.0971635,7.69935,343.25324,244.97649,89.88498,60400.0,KEP
1973 SK,2.5657362,0.2027455,9.91959,132.7608,162.12332,166.06111,60400.0,KEP
1970 WB,3.0164864,0.06948109999999999,10.46611,23.47476,266.56256,175.42853,60400.0,KEP
1932 HA,1.4705686,0.5599019,6.3525,35.55594,286.03933,142.31869,60400.0,KEP
1948 EA,2.261265,0.6060812999999999,18.37005,346.29829,268.24741,115.99132,60400.0,KEP
1971 FA,1.4609817999999999,0.614296,22.21387,6.61509,325.662,282.65148,60400.0,KEP
1971 UA,1.0799371,0.4669155,16.10207,212.88816,325.29407,152.7496,60400.0,KEP
1972 XA,1.8938431,0.5380718,41.20806,63.45448,293.11217,273.70982,60400.0,KEP
1971 EA,5.1348002,0.045721399999999995,26.89724,283.69546,1.15749,71.94575,60400.0,KEP
2008 P-L,5.3128563,0.10942879999999999,16.75371,197.78623,171.34747,93.38613,60400.0,KEP
4596 P-L,5.1789174,0.06587029999999999,3.974,43.83275,326.12794,83.12708,60400.0,KEP
1971 FE,5.2408984,0.0334857,6.57965,176.29572,132.18492,34.531,60400.0,KEP
1971 FF,5.2241952,0.034020299999999996,8.60933,145.76434,167.18458,3.23926,60400.0,KEP
1971 FG,5.3224459,0.0494185,14.64356,188.76931,116.24477,44.01612,60400.0,KEP
1971 FH,5.2252278,0.0909571,21.88818,197.90058,357.67288,141.64237,60400.0,KEP
A924 RC,3.1632344,0.2812309,4.82224,158.91928,196.67438,302.82942,60400.0,KEP
1969 QQ,3.1376766,0.1630566,13.37657,193.71257,139.97568,309.0631,60400.0,KEP
1970 BA,1.9642114,0.0481889,23.10933,304.45592,243.17176,185.06098,60400.0,KEP
1971 FC,3.9466985,0.2046325,17.53512,352.60964,305.83825,187.66085,60400.0,KEP
1933 QC,2.8451334999999998,0.0133073,1.78321,187.76236,295.22028,165.65414,60400.0,KEP
1935 UN,2.2453462,0.1486105,1.72702,249.86711,174.12609,68.49319,60400.0,KEP
1940 AN,2.675088,0.07601129999999999,4.85119,116.82986,187.37212,276.18809,60400.0,KEP
1940 PC,3.1690921,0.1032424,9.86625,218.01936,66.98822,338.47859,60400.0,KEP
1941 UJ,3.0067054,0.0918116,9.48642,201.20933,126.90318,350.51475,60400.0,KEP
1942 XA,2.4150792,0.2613959,25.45933,74.73101,330.41374,257.09841,60400.0,KEP
1943 EB1,2.4242893,0.2621179,21.85102,353.41981,111.49762,211.87487,60400.0,KEP
1948 PJ,2.2489252,0.248582,5.66566,326.31335,5.5854,142.04553,60400.0,KEP
1949 MP,2.6255161,0.1582519,14.88899,82.17012,217.35421,180.01304,60400.0,KEP
1950 TD,3.0068853,0.11719000000000002,9.61158,348.50659,32.09021,30.7954,60400.0,KEP
1964 VO1,2.5458143,0.16933579999999998,5.85285,244.72495,233.86908,171.83502,60400.0,KEP
1968 BE,3.0879694,0.116036,13.17949,55.08888,83.81,109.77168,60400.0,KEP
1968 CD,3.2166412,0.138628,9.88539,70.30028,14.82331,327.78238,60400.0,KEP
1969 RA,2.7061648,0.07053319999999999,11.4982,321.72852,10.47442,110.51567,60400.0,KEP
1971 SD,2.4628346,0.0887162,13.94177,315.64355,92.7201,172.0179,60400.0,KEP
1971 UD,2.707486,0.053439299999999995,10.0373,64.48168,241.77943,357.79631,60400.0,KEP
1971 UH,2.8873836,0.0706311,0.9135700000000001,257.496,118.1453,264.74924,60400.0,KEP
1971 UZ,3.1971914,0.1387565,1.81362,44.88961,57.70178,38.62641,60400.0,KEP
1971 UC1,2.3678041,0.2210141,2.22399,182.12968,180.22075,159.95958,60400.0,KEP
1971 UE1,2.2826292,0.14291689999999999,4.05425,63.39444,269.00224,121.07182,60400.0,KEP
1971 UF1,3.1284327,0.1567116,1.03059,163.01804,235.43254,189.03448,60400.0,KEP
1971 UR1,2.2649022,0.10621699999999999,7.28106,52.0369,129.22603,3.51114,60400.0,KEP
1971 YB,2.2097718,0.1350084,6.54722,281.84119,142.78381,354.04444,60400.0,KEP
1972 AD,3.2375608,0.0762173,24.10821,93.9536,149.01055,216.49761,60400.0,KEP
1972 HU,3.9654748,0.2207881,12.48344,59.03902,266.46434,127.09686,60400.0,KEP
1972 JL,3.0020947,0.0487381,10.98689,135.04671,356.65728,84.39468,60400.0,KEP
1972 JM,2.7446702,0.07413349999999999,12.82498,106.32504,262.53432,18.0262,60400.0,KEP
1972 JZ,2.2228767,0.1632594,2.6179900000000003,201.33337,61.74485,217.96214,60400.0,KEP
1972 RC,2.3740101,0.13489969999999998,6.47055,354.73139,14.98304,21.19748,60400.0,KEP
1972 RC2,2.5459723,0.0442846,3.2235,152.00743,58.30232,44.15008,60400.0,KEP
1972 RL2,2.8907389,0.0384687,4.76607,14.16763,220.75047,308.79574,60400.0,KEP
1972 RW2,2.421497,0.22748000000000002,1.7993700000000001,227.28953,5.80197,321.15367,60400.0,KEP
1972 TZ1,3.0447628,0.0528987,10.36125,200.79615,326.26403,118.8966,60400.0,KEP
1973 UD,3.9785141,0.1729889,1.64402,284.79826,181.65052,75.75971,60400.0,KEP
6534 P-L,2.9028951,0.0930008,3.15912,76.17201,319.45286,270.2773,60400.0,KEP
1928 SF,2.8806991,0.0743567,1.5655000000000001,358.31235,35.53357,178.58739,60400.0,KEP
1930 SB1,2.4062802,0.14639439999999998,5.68283,120.6693,159.15726,77.30277,60400.0,KEP
1953 EA,2.5439118,0.5702475,20.40287,162.93656000000001,347.77973,235.8641,60400.0,KEP
1953 RA,2.2725431,0.44944069999999997,12.87953,340.60391,335.87617,222.49972,60400.0,KEP
1968 AA,2.1492267,0.5056518999999999,23.96055,188.27981,194.56584,332.3558,60400.0,KEP
1968 UA,3.1893471,0.134457,9.19458,195.05717,245.30707,200.85576,60400.0,KEP
1971 SA,1.9360775,0.0946533,19.33272,356.94455,100.00657,84.46703,60400.0,KEP
1971 VO,1.9301194,0.1055078,22.8032,63.99974,316.872,201.83775,60400.0,KEP
1973 SE,3.3094282,0.3842873,19.07926,351.85994,20.43356,198.41552,60400.0,KEP
1949 HC,3.2346397,0.48173439999999995,35.43157,226.51929,31.36687,268.6915,60400.0,KEP
4011 P-L,2.4355321,0.0629232,4.96053,352.9645,107.84708,169.88061,60400.0,KEP
4023 P-L,2.3391419,0.1322303,2.73091,350.16499,153.11642,143.78422,60400.0,KEP
1934 RY,2.5516062,0.17542539999999998,7.73683,113.44464,242.44499,349.63101,60400.0,KEP
1935 JA,2.6581755,0.10714109999999999,13.72327,93.35254,91.11543,217.05052,60400.0,KEP
1936 FP,2.6497813,0.14948329999999999,13.35741,26.99457,96.28709,180.14941,60400.0,KEP
1938 SO,2.4768807,0.2021866,4.57552,180.34808,157.84327,344.75803,60400.0,KEP
1939 BS,2.3623281,0.0758158,7.77429,65.34692,72.2622,156.83677,60400.0,KEP
1964 UA,2.9012036,0.1424794,14.04774,318.40537,342.5021,92.92125,60400.0,KEP
1969 QB,2.5402703,0.2721804,8.26621,182.41389,164.48698,162.13521,60400.0,KEP
1971 UB1,2.3725294,0.15697709999999998,1.89602,188.88367,304.12287,47.30903,60400.0,KEP
1972 AC,2.3533815,0.12279609999999999,6.88515,164.87317,214.33923,250.5842,60400.0,KEP
1972 XB,2.3900314,0.2992799,23.15088,86.46935,294.8755,348.49181,60400.0,KEP
1973 RB,2.6262825,0.22744799999999998,9.54749,200.00807,199.52351,281.76546,60400.0,KEP
1973 WD,2.6748990999999998,0.1387243,10.25427,265.11572,255.03593,111.99312,60400.0,KEP
1973 YA,2.3776588,0.15530639999999998,12.45381,78.93525,226.31581,21.45446,60400.0,KEP
1974 HC,2.2359303,0.160635,3.33645,171.65971,64.94085,316.28219,60400.0,KEP
1974 UC,3.1222774,0.1239101,0.9050400000000001,40.46623,189.35152,93.45568,60400.0,KEP
1975 CA,3.0615787,0.061023799999999996,6.5390500000000005,263.56939,185.61417,94.23688,60400.0,KEP
1931 TN1,3.9576687,0.2893966,3.9576700000000002,60.40105,303.08742,228.54211,60400.0,KEP
1972 SA,2.3189112,0.1841901,24.34244,346.3391,11.87807,217.33537,60400.0,KEP
1973 EC,1.4304096,0.25609499999999996,8.7086,246.29572,338.4536,274.68026,60400.0,KEP
1925 RA,2.2392923,0.236998,5.49057,212.40295,124.79843,151.79704,60400.0,KEP
1930 OL,2.5540913,0.1802407,4.22741,142.57145,194.61678,315.99765,60400.0,KEP
1931 PH,2.2939133,0.2348118,8.16044,17.2367,340.08654,203.25027,60400.0,KEP
1935 EA,3.1495728,0.0436344,11.89047,90.62136,143.8822,261.50802,60400.0,KEP
1935 GL,2.5329789,0.1712037,5.83192,23.16033,179.36851,26.64008,60400.0,KEP
1936 NE,2.3842081,0.228867,4.65203,264.9412,66.44234,267.48931,60400.0,KEP
1942 EO,2.1781193,0.08488599999999999,4.22049,69.8971,53.44396,237.99562,60400.0,KEP
1949 OA,1.3904277999999999,0.0615594,39.09149,130.7287,140.52833,224.04139,60400.0,KEP
1951 JC,3.1069029,0.1447028,14.26911,78.11432,339.67042,247.00066,60400.0,KEP
1951 UK,3.1088806,0.18175449999999999,2.45915,74.2031,325.68838,59.79048,60400.0,KEP
1952 PH,2.9334575,0.31454309999999996,14.80597,277.94863,70.42109,74.52318,60400.0,KEP
1963 SR,2.8560205,0.0610435,1.0032,257.87374,156.50838,160.20885,60400.0,KEP
1969 TX1,3.2001711,0.1094817,1.49725,153.11902,347.37437,64.04579,60400.0,KEP
1970 GF,3.0067897,0.0560595,11.18975,50.67688,209.98271,77.81701,60400.0,KEP
1970 SB,3.1073639,0.1643548,10.5434,344.88142,318.82029,306.07797,60400.0,KEP
1972 NB,2.3158305,0.1336532,6.19887,284.95822,31.82883,233.40907,60400.0,KEP
1973 UA,2.5267831,0.1223697,8.475530000000001,22.14626,263.46541,303.87325,60400.0,KEP
1973 WA,3.1899751,0.1258716,6.64969,29.55452,56.45449,242.31145,60400.0,KEP
1973 WE,3.1764793,0.2407359,1.5527,15.21733,11.40591,317.07788,60400.0,KEP
1975 CB,2.4228336,0.2094837,25.03569,106.80247,355.49182,53.47359,60400.0,KEP
2007 P-L,2.4654777,0.1958189,2.39101,238.35474,163.60493,120.12403,60400.0,KEP
2521 P-L,2.5690395,0.1045594,2.21896,88.13387,342.95205,102.05975,60400.0,KEP
2552 P-L,2.4476861,0.09133000000000001,2.48333,125.62838,60.41337,31.2996,60400.0,KEP
A905 VC,2.2335597,0.13866779999999998,3.90067,57.75587,347.70699,172.66521,60400.0,KEP
1932 BK,2.7397156,0.1113646,4.59293,71.46948,163.84393,37.01438,60400.0,KEP
1935 CG,3.0885753,0.15721449999999998,3.33834,209.15993,346.45267,98.01392,60400.0,KEP
1954 ER,2.7787712,0.1615104,7.07159,312.28093,194.57497,59.39907,60400.0,KEP
1955 RD1,2.9929615,0.08381319999999999,8.69079,299.88104,118.01308,33.80992,60400.0,KEP
1964 VQ1,2.4185804,0.1668979,4.11933,46.45151,33.54849,268.42932,60400.0,KEP
1968 OA,3.1856967,0.0769208,10.57386,183.03185,164.92061,264.17193,60400.0,KEP
1968 OE,3.1663057,0.0963091,10.21567,168.22582,90.02094,3.1016,60400.0,KEP
1969 PH,2.8026985,0.1165301,6.31303,170.16521,184.7148,211.18513,60400.0,KEP
1970 GC,2.3814265,0.0738627,2.37244,90.86594,120.57673,243.86171,60400.0,KEP
1970 QY,2.7805655,0.0740615,7.76812,332.20765,308.55384,273.07267,60400.0,KEP
1971 LD,2.1945334,0.21368,4.34266,54.25541,268.90643,39.29495,60400.0,KEP
2006 P-L,2.3736135,0.1001823,6.05144,202.61279,220.51547,84.86223,60400.0,KEP
1950 LA,1.7096042,0.36463219999999996,26.87066,246.54513,115.50122,306.87755,60400.0,KEP
1973 EA,1.7763872,0.6503107,39.81929,356.82013,267.82875,175.52879,60400.0,KEP
1975 VA,2.3106036,0.248858,6.84101,42.32362,279.56207,332.55638,60400.0,KEP
1975 LB,2.620564,0.09981939999999999,9.41347,23.52098,345.81662,98.58214,60400.0,KEP
1926 TN,3.0131258,0.0865874,4.78908,185.55768,127.08889,292.27949,60400.0,KEP
1929 AE,3.1208935,0.15679369999999998,17.18017,305.04447,233.35404,44.40097,60400.0,KEP
1935 SV1,3.0895461,0.2042109,2.21385,146.55238,229.42634,90.12501,60400.0,KEP
1952 RH,2.3817187,0.22742279999999998,23.64397,314.17425,38.26394,162.37728,60400.0,KEP
1952 SV,2.1540318,0.1022908,4.25188,106.33223,235.01722,255.32654,60400.0,KEP
1955 FG,2.3517685999999998,0.0753929,7.76901,25.22307,89.20842,101.74171,60400.0,KEP
1956 EE,2.1741242,0.0519689,3.13488,193.56605,12.56459,48.70293,60400.0,KEP
1967 JL,2.2488296,0.20730379999999998,5.91314,328.40929,345.55302,260.04634,60400.0,KEP
1968 OD,2.9936437,0.0473978,10.57092,182.41243,94.31354,298.47106,60400.0,KEP
1968 OH1,3.0576448,0.06913849999999999,11.46546,157.88216,154.88206,140.5871,60400.0,KEP
1961 TE,2.6785302,0.2077549,10.22703,244.66324,89.61713,117.99673,60400.0,KEP
1971 UP1,2.5311453999999998,0.0527141,10.82356,47.20576,133.42512,235.48319,60400.0,KEP
1961 UA,2.5576052,0.1393179,15.12954,1.05057,354.76978,118.25024,60400.0,KEP
1963 RC,2.2090231,0.2064113,6.06326,353.14181,0.7368800000000001,153.66652,60400.0,KEP
1938 DX1,2.4183759,0.0647392,7.61709,351.68405,248.28469,242.1531,60400.0,KEP
1973 DR,3.1139078,0.1183096,12.53463,147.84664,355.98854,111.03655,60400.0,KEP
1960 OA,2.3793888,0.2983105,22.8183,291.89459,130.36687,57.23274,60400.0,KEP
